"C","C","W","W","D","D","UTIL","UTIL","G","","Instructions"
"","","","","","","","","","","1) Create a lineup by inserting any player from this list into their appropriate position columns"
"","","","","","","","","","","2) You can paste either the Player ID + Name OR ID from their respective columns"
"","","","","","","","","","","3) Any information to the right of the last position column will be ignored in the upload"
"","","","","","","","","","","4) Maximum of 250 lineups per upload"
"","","","","","","","","",""
"","","","","","","","","","","Player ID + Player Name","Id","Position","First Name","Nickname","Last Name","FPPG","Played","Salary","Game","Team","Opponent","Injury Indicator","Injury Details","Tier","",""
"","","","","","","","","","","54733-8612:Marc-Andre Fleury","54733-8612","G","Marc-Andre","Marc-Andre Fleury","Fleury","25.5","8","8900","COL@VGK","VGK","COL","","","","",""
"","","","","","","","","","","54733-8864:Robin Lehner","54733-8864","G","Robin","Robin Lehner","Lehner","14.560000610351562","5","8900","COL@VGK","VGK","COL","DTD","Upper body","","",""
"","","","","","","","","","","54733-42782:Oscar Dansk","54733-42782","G","Oscar","Oscar Dansk","Dansk","0.800000011920929","1","8900","COL@VGK","VGK","COL","","","","",""
"","","","","","","","","","","54733-79931:Hunter Miska","54733-79931","G","Hunter","Hunter Miska","Miska","6.800000190734863","2","8400","COL@VGK","COL","VGK","O","Covid-19","","",""
"","","","","","","","","","","54733-83213:Pavel Francouz","54733-83213","G","Pavel","Pavel Francouz","Francouz","20.211765064912683","34","8400","COL@VGK","COL","VGK","IR","Lower body","","",""
"","","","","","","","","","","54733-12697:Philipp Grubauer","54733-12697","G","Philipp","Philipp Grubauer","Grubauer","22.560000610351562","10","8400","COL@VGK","COL","VGK","","","","",""
"","","","","","","","","","","54733-8718:Alex Ovechkin","54733-8718","W","Alex","Alexander Ovechkin","Ovechkin","21.466666327582466","9","8400","WSH@PIT","WSH","PIT","","","","",""
"","","","","","","","","","","54733-41391:Nathan MacKinnon","54733-41391","C","Nathan","Nathan MacKinnon","MacKinnon","18.454545454545453","11","8300","COL@VGK","COL","VGK","","","","",""
"","","","","","","","","","","54733-8732:Semyon Varlamov","54733-8732","G","Semyon","Semyon Varlamov","Varlamov","22.83636335893111","11","8200","NYI@BUF","NYI","BUF","","","","",""
"","","","","","","","","","","54733-97232:Ilya Sorokin","54733-97232","G","Ilya","Ilya Sorokin","Sorokin","5.066666603088379","3","8200","NYI@BUF","NYI","BUF","","","","",""
"","","","","","","","","","","54733-8893:Anton Khudobin","54733-8893","G","Anton","Anton Khudobin","Khudobin","14.971429007393974","7","8100","NSH@DAL","DAL","NSH","","","","",""
"","","","","","","","","","","54733-103202:Jake Oettinger","54733-103202","G","Jake","Jake Oettinger","Oettinger","12.800000508626303","6","8100","NSH@DAL","DAL","NSH","","","","",""
"","","","","","","","","","","54733-66556:Landon Bow","54733-66556","G","Landon","Landon Bow","Bow","0","0","8100","NSH@DAL","DAL","NSH","","","","",""
"","","","","","","","","","","54733-11301:Cam Talbot","54733-11301","G","Cam","Cam Talbot","Talbot","17.1999994913737","6","7800","MIN@LA","MIN","LA","O","Covid-19","","",""
"","","","","","","","","","","54733-8441:Max Pacioretty","54733-8441","W","Max","Max Pacioretty","Pacioretty","17.246153611403244","13","7800","COL@VGK","VGK","COL","","","","",""
"","","","","","","","","","","54733-84324:Kaapo Kahkonen","54733-84324","G","Kaapo","Kaapo Kahkonen","Kahkonen","15.199999491373697","6","7800","MIN@LA","MIN","LA","","","","",""
"","","","","","","","","","","54733-8594:Sidney Crosby","54733-8594","C","Sidney","Sidney Crosby","Crosby","14.123077392578125","13","7800","WSH@PIT","PIT","WSH","","","","",""
"","","","","","","","","","","54733-66737:Mikko Rantanen","54733-66737","W","Mikko","Mikko Rantanen","Rantanen","15.300000508626303","12","7700","COL@VGK","COL","VGK","","","","",""
"","","","","","","","","","","54733-62493:Artemi Panarin","54733-62493","W","Artemi","Artemi Panarin","Panarin","16.583333333333332","12","7600","NJ@NYR","NYR","NJ","O","Lower body","","",""
"","","","","","","","","","","54733-64100:Jack Eichel","54733-64100","C","Jack","Jack Eichel","Eichel","16.172726717862215","11","7600","NYI@BUF","BUF","NYI","","","","",""
"","","","","","","","","","","54733-74064:Casey DeSmith","54733-74064","G","Casey","Casey DeSmith","DeSmith","14.133333841959635","6","7500","WSH@PIT","PIT","WSH","","","","",""
"","","","","","","","","","","54733-12628:Mark Stone","54733-12628","W","Mark","Mark Stone","Stone","15.169230534480167","13","7500","COL@VGK","VGK","COL","","","","",""
"","","","","","","","","","","54733-8595:Evgeni Malkin","54733-8595","C","Evgeni","Evgeni Malkin","Malkin","9.330769465519833","13","7500","WSH@PIT","PIT","WSH","","","","",""
"","","","","","","","","","","54733-42868:Tristan Jarry","54733-42868","G","Tristan","Tristan Jarry","Jarry","8.300000190734863","8","7500","WSH@PIT","PIT","WSH","","","","",""
"","","","","","","","","","","54733-39253:Filip Forsberg","54733-39253","W","Filip","Filip Forsberg","Forsberg","16.826666259765624","15","7400","NSH@DAL","NSH","DAL","","","","",""
"","","","","","","","","","","54733-8292:Craig Anderson","54733-8292","G","Craig","Craig Anderson","Anderson","-3.200000047683716","1","7300","WSH@PIT","WSH","PIT","","","","",""
"","","","","","","","","","","54733-82094:Alexandar Georgiev","54733-82094","G","Alexandar","Alexandar Georgiev","Georgiev","11.519999694824218","5","7300","NJ@NYR","NYR","NJ","","","","",""
"","","","","","","","","","","54733-83235:Ilya Samsonov","54733-83235","G","Ilya","Ilya Samsonov","Samsonov","10.399999618530273","2","7300","WSH@PIT","WSH","PIT","","","","",""
"","","","","","","","","","","54733-104015:Igor Shesterkin","54733-104015","G","Igor","Igor Shesterkin","Shesterkin","15.022221883138021","9","7300","NJ@NYR","NYR","NJ","","","","",""
"","","","","","","","","","","54733-58988:Vitek Vanecek","54733-58988","G","Vitek","Vitek Vanecek","Vanecek","16","11","7300","WSH@PIT","WSH","PIT","","","","",""
"","","","","","","","","","","54733-8394:Anze Kopitar","54733-8394","C","Anze","Anze Kopitar","Kopitar","16.876922607421875","13","7200","MIN@LA","LA","MIN","","","","",""
"","","","","","","","","","","54733-39238:Anders Lee","54733-39238","W","Anders","Anders Lee","Lee","12.771428789411273","14","7200","NYI@BUF","NYI","BUF","","","","",""
"","","","","","","","","","","54733-8615:Joe Pavelski","54733-8615","C","Joe","Joe Pavelski","Pavelski","20.125","12","7200","NSH@DAL","DAL","NSH","","","","",""
"","","","","","","","","","","54733-54809:Linus Ullmark","54733-54809","G","Linus","Linus Ullmark","Ullmark","16.7999997820173","7","7100","NYI@BUF","BUF","NYI","","","","",""
"","","","","","","","","","","54733-80479:Jonas Johansson","54733-80479","G","Jonas","Jonas Johansson","Johansson","2.4000000953674316","1","7100","NYI@BUF","BUF","NYI","","","","",""
"","","","","","","","","","","54733-9015:John Carlson","54733-9015","D","John","John Carlson","Carlson","15.453845684344952","13","7100","WSH@PIT","WSH","PIT","","","","",""
"","","","","","","","","","","54733-11133:Carter Hutton","54733-11133","G","Carter","Carter Hutton","Hutton","10.800000190734863","4","7100","NYI@BUF","BUF","NYI","","","","",""
"","","","","","","","","","","54733-70571:Jake Guentzel","54733-70571","W","Jake","Jake Guentzel","Guentzel","13.469231238731972","13","7100","WSH@PIT","PIT","WSH","","","","",""
"","","","","","","","","","","54733-66685:Mathew Barzal","54733-66685","C","Mathew","Mathew Barzal","Barzal","14.314285278320312","14","7000","NYI@BUF","NYI","BUF","","","","",""
"","","","","","","","","","","54733-66744:MacKenzie Blackwood","54733-66744","G","MacKenzie","MacKenzie Blackwood","Blackwood","29.066665649414062","3","7000","NJ@NYR","NJ","NYR","","","","",""
"","","","","","","","","","","54733-12690:Scott Wedgewood","54733-12690","G","Scott","Scott Wedgewood","Wedgewood","13.11999969482422","5","7000","NJ@NYR","NJ","NYR","","","","",""
"","","","","","","","","","","54733-58904:Aaron Dell","54733-58904","G","Aaron","Aaron Dell","Dell","14.884848854758523","33","7000","NJ@NYR","NJ","NYR","","","","",""
"","","","","","","","","","","54733-42982:Eric Comrie","54733-42982","G","Eric","Eric Comrie","Comrie","24","1","7000","NJ@NYR","NJ","NYR","","","","",""
"","","","","","","","","","","54733-8986:Jamie Benn","54733-8986","W","Jamie","Jamie Benn","Benn","13.5625","8","6900","NSH@DAL","DAL","NSH","","","","",""
"","","","","","","","","","","54733-12410:Taylor Hall","54733-12410","W","Taylor","Taylor Hall","Hall","12.081817626953125","11","6800","NYI@BUF","BUF","NYI","","","","",""
"","","","","","","","","","","54733-52475:Evgeny Kuznetsov","54733-52475","C","Evgeny","Evgeny Kuznetsov","Kuznetsov","13","5","6800","WSH@PIT","WSH","PIT","","","","",""
"","","","","","","","","","","54733-8472:Pekka Rinne","54733-8472","G","Pekka","Pekka Rinne","Rinne","12.444444444444445","9","6800","NSH@DAL","NSH","DAL","","","","",""
"","","","","","","","","","","54733-66411:Juuse Saros","54733-66411","G","Juuse","Juuse Saros","Saros","9.777777777777779","9","6800","NSH@DAL","NSH","DAL","","","","",""
"","","","","","","","","","","54733-82035:Calvin Petersen","54733-82035","G","Calvin","Calvin Petersen","Petersen","17.399999618530273","8","6700","MIN@LA","LA","MIN","","","","",""
"","","","","","","","","","","54733-8412:Jonathan Quick","54733-8412","G","Jonathan","Jon Quick","Quick","8.533333460489908","6","6700","MIN@LA","LA","MIN","","","","",""
"","","","","","","","","","","54733-39267:Troy Grosenick","54733-39267","G","Troy","Troy Grosenick","Grosenick","0","0","6700","MIN@LA","LA","MIN","","","","",""
"","","","","","","","","","","54733-83057:Victor Olofsson","54733-83057","W","Victor","Victor Olofsson","Olofsson","15.46363691850142","11","6600","NYI@BUF","BUF","NYI","","","","",""
"","","","","","","","","","","54733-12262:Roman Josi","54733-12262","D","Roman","Roman Josi","Josi","13.07999979654948","15","6600","NSH@DAL","NSH","DAL","","","","",""
"","","","","","","","","","","54733-66572:Connor Ingram","54733-66572","G","Connor","Connor Ingram","Ingram","0","0","6500","NSH@DAL","NSH","DAL","O","Not injury related","","",""
"","","","","","","","","","","54733-38930:Andrew Hammond","54733-38930","G","Andrew","Andrew Hammond","Hammond","0","0","6500","MIN@LA","MIN","LA","","","","",""
"","","","","","","","","","","54733-68637:Kasimir Kaskisuo","54733-68637","G","Kasimir","Kasimir Kaskisuo","Kaskisuo","1.600000023841858","1","6500","NSH@DAL","NSH","DAL","","","","",""
"","","","","","","","","","","54733-9252:Alex Stalock","54733-9252","G","Alex","Alex Stalock","Stalock","17.68421052631579","38","6500","MIN@LA","MIN","LA","O","Upper body","","",""
"","","","","","","","","","","54733-43045:Michael Houser","54733-43045","G","Michael","Michael Houser","Houser","0","0","6500","NYI@BUF","BUF","NYI","","","","",""
"","","","","","","","","","","54733-82036:Matt Villalta","54733-82036","G","Matt","Matt Villalta","Villalta","0","0","6500","MIN@LA","LA","MIN","","","","",""
"","","","","","","","","","","54733-14457:John Klingberg","54733-14457","D","John","John Klingberg","Klingberg","13.441666920979818","12","6500","NSH@DAL","DAL","NSH","","","","",""
"","","","","","","","","","","54733-9366:Dustin Tokarski","54733-9366","G","Dustin","Dustin Tokarski","Tokarski","0","0","6500","NYI@BUF","BUF","NYI","","","","",""
"","","","","","","","","","","54733-103622:Gilles Senn","54733-103622","G","Gilles","Gilles Senn","Senn","6.800000190734863","2","6500","NJ@NYR","NJ","NYR","","","","",""
"","","","","","","","","","","54733-82125:Dereck Baribeau","54733-82125","G","Dereck","Dereck Baribeau","Baribeau","0","0","6500","MIN@LA","MIN","LA","","","","",""
"","","","","","","","","","","54733-82147:Alex D'Orio","54733-82147","G","Alex","Alex D'Orio","D'Orio","0","0","6500","WSH@PIT","PIT","WSH","","","","",""
"","","","","","","","","","","54733-117021:Hunter Jones","54733-117021","G","Hunter","Hunter Jones","Jones","0","0","6500","MIN@LA","MIN","LA","","","","",""
"","","","","","","","","","","54733-74066:Evan Cormier","54733-74066","G","Evan","Evan Cormier","Cormier","0","0","6500","NJ@NYR","NJ","NYR","","","","",""
"","","","","","","","","","","54733-8532:Henrik Lundqvist","54733-8532","G","Henrik","Henrik Lundqvist","Lundqvist","14.373333740234376","30","6500","WSH@PIT","WSH","PIT","IR","Chest","","",""
"","","","","","","","","","","54733-102820:Adam Huska","54733-102820","G","Adam","Adam Huska","Huska","0","0","6500","NJ@NYR","NYR","NJ","","","","",""
"","","","","","","","","","","54733-107996:Emil Larmi","54733-107996","G","Emil","Emil Larmi","Larmi","0","0","6500","WSH@PIT","PIT","WSH","","","","",""
"","","","","","","","","","","54733-135651:Tyler Wall","54733-135651","G","Tyler","Tyler Wall","Wall","0","0","6500","NJ@NYR","NYR","NJ","","","","",""
"","","","","","","","","","","54733-8714:Nicklas Backstrom","54733-8714","C","Nicklas","Nicklas Backstrom","Backstrom","18.26153799203726","13","6500","WSH@PIT","WSH","PIT","","","","",""
"","","","","","","","","","","54733-96784:Colton Point","54733-96784","G","Colton","Colton Point","Point","0","0","6500","NSH@DAL","DAL","NSH","","","","",""
"","","","","","","","","","","54733-8781:Cory Schneider","54733-8781","G","Cory","Cory Schneider","Schneider","10.461538461538462","13","6500","NYI@BUF","NYI","BUF","","","","",""
"","","","","","","","","","","54733-58975:Maxime Lagace","54733-58975","G","Maxime","Maxime Lagace","Lagace","0","0","6500","WSH@PIT","PIT","WSH","","","","",""
"","","","","","","","","","","54733-8883:Ben Bishop","54733-8883","G","Ben","Ben Bishop","Bishop","18.23636419122869","44","6500","NSH@DAL","DAL","NSH","O","Knee","","",""
"","","","","","","","","","","54733-97029:Ukko-Pekka Luukkonen","54733-97029","G","Ukko-Pekka","Ukko-Pekka Luukkonen","Luukkonen","0","0","6500","NYI@BUF","BUF","NYI","","","","",""
"","","","","","","","","","","54733-54028:Pheonix Copley","54733-54028","G","Pheonix","Pheonix Copley","Copley","0","0","6500","WSH@PIT","WSH","PIT","","","","",""
"","","","","","","","","","","54733-42800:Zach Fucale","54733-42800","G","Zach","Zach Fucale","Fucale","0","0","6500","WSH@PIT","WSH","PIT","","","","",""
"","","","","","","","","","","54733-97093:Logan Thompson","54733-97093","G","Logan","Logan Thompson","Thompson","0","0","6500","COL@VGK","VGK","COL","","","","",""
"","","","","","","","","","","54733-14183:Keith Kinkaid","54733-14183","G","Keith","Keith Kinkaid","Kinkaid","8.40000025431315","6","6500","NJ@NYR","NYR","NJ","","","","",""
"","","","","","","","","","","54733-97161:Jacob Ingham","54733-97161","G","Jacob","Jacob Ingham","Ingham","0","0","6500","MIN@LA","LA","MIN","","","","",""
"","","","","","","","","","","54733-146375:Devin Cooley","54733-146375","G","Devin","Devin Cooley","Cooley","0","0","6500","NSH@DAL","NSH","DAL","","","","",""
"","","","","","","","","","","54733-97231:Jakub Skarek","54733-97231","G","Jakub","Jakub Skarek","Skarek","0","0","6500","NYI@BUF","NYI","BUF","","","","",""
"","","","","","","","","","","54733-104427:Adam Werner","54733-104427","G","Adam","Adam Werner","Werner","17.200000762939453","2","6500","COL@VGK","COL","VGK","","","","",""
"","","","","","","","","","","54733-21546:Alexander Radulov","54733-21546","W","Alexander","Alexander Radulov","Radulov","16.075000762939453","8","6400","NSH@DAL","DAL","NSH","IR","Lower body","","",""
"","","","","","","","","","","54733-14697:Gabriel Landeskog","54733-14697","W","Gabriel","Gabriel Landeskog","Landeskog","12.48181845925071","11","6400","COL@VGK","COL","VGK","O","Covid-19","","",""
"","","","","","","","","","","54733-8651:Alex Pietrangelo","54733-8651","D","Alex","Alex Pietrangelo","Pietrangelo","12.13000030517578","10","6400","COL@VGK","VGK","COL","","","","",""
"","","","","","","","","","","54733-103523:Cale Makar","54733-103523","D","Cale","Cale Makar","Makar","13.87272782759233","11","6300","COL@VGK","COL","VGK","DTD","Upper body","","",""
"","","","","","","","","","","54733-54477:Bryan Rust","54733-54477","W","Bryan","Bryan Rust","Rust","16.669230534480167","13","6300","WSH@PIT","PIT","WSH","","","","",""
"","","","","","","","","","","54733-8741:Nazem Kadri","54733-8741","C","Nazem","Nazem Kadri","Kadri","10.458333333333334","12","6300","COL@VGK","COL","VGK","","","","",""
"","","","","","","","","","","54733-43093:Shea Theodore","54733-43093","D","Shea","Shea Theodore","Theodore","16.339999389648437","10","6200","COL@VGK","VGK","COL","","","","",""
"","","","","","","","","","","54733-37968:Jonathan Marchessault","54733-37968","W","Jonathan","Jonathan Audy-Marchessault","Marchessault","11.73076923076923","13","6100","COL@VGK","VGK","COL","","","","",""
"","","","","","","","","","","54733-9025:Jordan Eberle","54733-9025","W","Jordan","Jordan Eberle","Eberle","12.450000217982701","14","6100","NYI@BUF","NYI","BUF","","","","",""
"","","","","","","","","","","54733-14565:Mika Zibanejad","54733-14565","C","Mika","Mika Zibanejad","Zibanejad","7.853846036470854","13","6000","NJ@NYR","NYR","NJ","","","","",""
"","","","","","","","","","","54733-8478:Zach Parise","54733-8478","W","Zach","Zach Parise","Parise","9.98181845925071","11","6000","MIN@LA","MIN","LA","","","","",""
"","","","","","","","","","","54733-8402:Dustin Brown","54733-8402","W","Dustin","Dustin Brown","Brown","13.069230299729567","13","5900","MIN@LA","LA","MIN","","","","",""
"","","","","","","","","","","54733-8406:Drew Doughty","54733-8406","D","Drew","Drew Doughty","Doughty","13.415384145883413","13","5900","MIN@LA","LA","MIN","","","","",""
"","","","","","","","","","","54733-8608:Kris Letang","54733-8608","D","Kris","Kris Letang","Letang","10.34999974568685","12","5900","WSH@PIT","PIT","WSH","","","","",""
"","","","","","","","","","","54733-21927:Chris Kreider","54733-21927","W","Chris","Chris Kreider","Kreider","8.446154080904448","13","5900","NJ@NYR","NYR","NJ","","","","",""
"","","","","","","","","","","54733-8635:T.J. Oshie","54733-8635","W","T.J.","T.J. Oshie","Oshie","9.191666920979818","12","5800","WSH@PIT","WSH","PIT","","","","",""
"","","","","","","","","","","54733-59208:Kevin Fiala","54733-59208","W","Kevin","Kevin Fiala","Fiala","11.362500190734863","8","5700","MIN@LA","MIN","LA","","","","",""
"","","","","","","","","","","54733-12644:Kyle Palmieri","54733-12644","W","Kyle","Kyle Palmieri","Palmieri","8.524999618530273","8","5600","NJ@NYR","NJ","NYR","","","","",""
"","","","","","","","","","","54733-70511:Denis Gurianov","54733-70511","W","Denis","Denis Gurianov","Gurianov","13.675000508626303","12","5600","NSH@DAL","DAL","NSH","","","","",""
"","","","","","","","","","","54733-8234:Eric Staal","54733-8234","C","Eric","Eric Staal","Staal","8.163636641068893","11","5300","NYI@BUF","BUF","NYI","","","","",""
"","","","","","","","","","","54733-21686:Jason Zucker","54733-21686","W","Jason","Jason Zucker","Zucker","7.1999998826247","13","5300","WSH@PIT","PIT","WSH","","","","",""
"","","","","","","","","","","54733-59207:Viktor Arvidsson","54733-59207","W","Viktor","Viktor Arvidsson","Arvidsson","10.626666259765624","15","5300","NSH@DAL","NSH","DAL","","","","",""
"","","","","","","","","","","54733-42833:Andre Burakovsky","54733-42833","W","Andre","Andre Burakovsky","Burakovsky","12.100000169542101","9","5300","COL@VGK","COL","VGK","","","","",""
"","","","","","","","","","","54733-79935:Alex Iafallo","54733-79935","W","Alex","Alex Iafallo","Iafallo","12.115384615384615","13","5200","MIN@LA","LA","MIN","","","","",""
"","","","","","","","","","","54733-55375:Sam Reinhart","54733-55375","W","Sam","Sam Reinhart","Reinhart","12.222222222222221","9","5200","NYI@BUF","BUF","NYI","","","","",""
"","","","","","","","","","","54733-8275:Matt Duchene","54733-8275","C","Matt","Matt Duchene","Duchene","8.686666870117188","15","5200","NSH@DAL","NSH","DAL","","","","",""
"","","","","","","","","","","54733-12592:Ryan Johansen","54733-12592","C","Ryan","Ryan Johansen","Johansen","6.44000015258789","10","5200","NSH@DAL","NSH","DAL","IR","Upper body","","",""
"","","","","","","","","","","54733-70513:Pavel Buchnevich","54733-70513","W","Pavel","Pavel Buchnevich","Buchnevich","10.353846623347355","13","5200","NJ@NYR","NYR","NJ","","","","",""
"","","","","","","","","","","54733-9083:Ryan Ellis","54733-9083","D","Ryan","Ryan Ellis","Ellis","11.513333129882813","15","5200","NSH@DAL","NSH","DAL","","","","",""
"","","","","","","","","","","54733-39990:William Karlsson","54733-39990","C","William","William Karlsson","Karlsson","9.615384615384615","13","5100","COL@VGK","VGK","COL","","","","",""
"","","","","","","","","","","54733-73909:Samuel Girard","54733-73909","D","Samuel","Samuel Girard","Girard","10.918181679465555","11","5100","COL@VGK","COL","VGK","O","Covid-19","","",""
"","","","","","","","","","","54733-73949:Joel Eriksson Ek","54733-73949","C","Joel","Joel Eriksson Ek","Eriksson Ek","13.5","11","5100","MIN@LA","MIN","LA","","","","",""
"","","","","","","","","","","54733-80286:Roope Hintz","54733-80286","C","Roope","Roope Hintz","Hintz","14.110000610351562","10","5000","NSH@DAL","DAL","NSH","DTD","Undisclosed","","",""
"","","","","","","","","","","54733-23041:Mikael Granlund","54733-23041","W","Mikael","Mikael Granlund","Granlund","10.641666412353516","12","5000","NSH@DAL","NSH","DAL","","","","",""
"","","","","","","","","","","54733-15280:Brandon Saad","54733-15280","W","Brandon","Brandon Saad","Saad","9.308333079020182","12","4900","COL@VGK","COL","VGK","","","","",""
"","","","","","","","","","","54733-82174:Miro Heiskanen","54733-82174","D","Miro","Miro Heiskanen","Heiskanen","8.391666412353516","12","4800","NSH@DAL","DAL","NSH","","","","",""
"","","","","","","","","","","54733-23226:Tom Wilson","54733-23226","W","Tom","Tom Wilson","Wilson","14.46363691850142","11","4800","WSH@PIT","WSH","PIT","","","","",""
"","","","","","","","","","","54733-62429:Adrian Kempe","54733-62429","W","Adrian","Adrian Kempe","Kempe","12.623077392578125","13","4800","MIN@LA","LA","MIN","","","","",""
"","","","","","","","","","","54733-15386:Ryan Strome","54733-15386","C","Ryan","Ryan Strome","Strome","9.13846177321214","13","4700","NJ@NYR","NYR","NJ","","","","",""
"","","","","","","","","","","54733-43200:Ryan Pulock","54733-43200","D","Ryan","Ryan Pulock","Pulock","8.950000217982701","14","4700","NYI@BUF","NYI","BUF","","","","",""
"","","","","","","","","","","54733-12812:Jared Spurgeon","54733-12812","D","Jared","Jared Spurgeon","Spurgeon","6.836363358931108","11","4700","MIN@LA","MIN","LA","DTD","Upper body","","",""
"","","","","","","","","","","54733-70199:Devon Toews","54733-70199","D","Devon","Devon Toews","Toews","12.700000339084202","9","4700","COL@VGK","COL","VGK","","","","",""
"","","","","","","","","","","54733-135875:Kirill Kaprizov","54733-135875","W","Kirill","Kirill Kaprizov","Kaprizov","10.590909090909092","11","4700","MIN@LA","MIN","LA","","","","",""
"","","","","","","","","","","54733-111493:Jack Hughes","54733-111493","C","Jack","Jack Hughes","Hughes","12.466666327582466","9","4700","NJ@NYR","NJ","NYR","","","","",""
"","","","","","","","","","","54733-66686:Anthony Beauvillier","54733-66686","W","Anthony","Anthony Beauvillier","Beauvillier","3.3","5","4600","NYI@BUF","NYI","BUF","IR","Lower body","","",""
"","","","","","","","","","","54733-85132:Rasmus Dahlin","54733-85132","D","Rasmus","Rasmus Dahlin","Dahlin","9.127272865988992","11","4600","NYI@BUF","BUF","NYI","","","","",""
"","","","","","","","","","","54733-21689:Reilly Smith","54733-21689","W","Reilly","Reilly Smith","Smith","8.584615267240084","13","4600","COL@VGK","VGK","COL","","","","",""
"","","","","","","","","","","54733-21897:Brock Nelson","54733-21897","C","Brock","Brock Nelson","Nelson","8.507142748151507","14","4600","NYI@BUF","NYI","BUF","","","","",""
"","","","","","","","","","","54733-80991:Nico Hischier","54733-80991","C","Nico","Nico Hischier","Hischier","10.5","58","4500","NJ@NYR","NJ","NYR","O","Leg","","",""
"","","","","","","","","","","54733-103940:Adam Fox","54733-103940","D","Adam","Adam Fox","Fox","12.192307692307692","13","4500","NJ@NYR","NYR","NJ","","","","",""
"","","","","","","","","","","54733-42839:Chandler Stephenson","54733-42839","C","Chandler","Chandler Stephenson","Stephenson","10.023077157827524","13","4500","COL@VGK","VGK","COL","","","","",""
"","","","","","","","","","","54733-8466:Ryan Suter","54733-8466","D","Ryan","Ryan Suter","Suter","9.063636086203836","11","4400","MIN@LA","MIN","LA","","","","",""
"","","","","","","","","","","54733-58686:Kasperi Kapanen","54733-58686","W","Kasperi","Kasperi Kapanen","Kapanen","8.95999984741211","10","4400","WSH@PIT","PIT","WSH","","","","",""
"","","","","","","","","","","54733-70118:Miles Wood","54733-70118","W","Miles","Miles Wood","Wood","13.833333333333334","9","4400","NJ@NYR","NJ","NYR","","","","",""
"","","","","","","","","","","54733-58985:Jakub Vrana","54733-58985","W","Jakub","Jakub Vrana","Vrana","10.75","12","4400","WSH@PIT","WSH","PIT","","","","",""
"","","","","","","","","","","54733-9990:Lars Eller","54733-9990","C","Lars","Lars Eller","Eller","6.777777777777778","9","4400","WSH@PIT","WSH","PIT","","","","",""
"","","","","","","","","","","54733-15287:Jean-Gabriel Pageau","54733-15287","C","Jean-Gabriel","Jean-Gabriel Pageau","Pageau","11.049999782017299","14","4400","NYI@BUF","NYI","BUF","","","","",""
"","","","","","","","","","","54733-12220:Marcus Johansson","54733-12220","W","Marcus","Marcus Johansson","Johansson","6.0444446139865455","9","4400","MIN@LA","MIN","LA","","","","",""
"","","","","","","","","","","54733-42993:Rasmus Ristolainen","54733-42993","D","Rasmus","Rasmus Ristolainen","Ristolainen","11.080000305175782","10","4400","NYI@BUF","BUF","NYI","O","Covid-19","","",""
"","","","","","","","","","","54733-43152:Damon Severson","54733-43152","D","Damon","Damon Severson","Severson","10.399999830457899","9","4300","NJ@NYR","NJ","NYR","","","","",""
"","","","","","","","","","","54733-8495:Josh Bailey","54733-8495","W","Josh","Josh Bailey","Bailey","7.25","14","4300","NYI@BUF","NYI","BUF","","","","",""
"","","","","","","","","","","54733-8555:Jeff Carter","54733-8555","W","Jeff","Jeff Carter","Carter","11.030768761268028","13","4300","MIN@LA","LA","MIN","","","","",""
"","","","","","","","","","","54733-70168:Alex Tuch","54733-70168","W","Alex","Alex Tuch","Tuch","11.069230299729567","13","4300","COL@VGK","VGK","COL","","","","",""
"","","","","","","","","","","54733-8967:Alec Martinez","54733-8967","D","Alec","Alec Martinez","Martinez","12.669230534480167","13","4300","COL@VGK","VGK","COL","","","","",""
"","","","","","","","","","","54733-9107:P.K. Subban","54733-9107","D","P.K.","P.K. Subban","Subban","9.477778116861979","9","4300","NJ@NYR","NJ","NYR","","","","",""
"","","","","","","","","","","54733-70279:J.T. Compher","54733-70279","C","J.T.","J.T. Compher","Compher","4.683333396911621","12","4200","COL@VGK","COL","VGK","","","","",""
"","","","","","","","","","","54733-23228:Justin Schultz","54733-23228","D","Justin","Justin Schultz","Schultz","11.777777777777779","9","4200","WSH@PIT","WSH","PIT","","","","",""
"","","","","","","","","","","54733-23438:Jonas Brodin","54733-23438","D","Jonas","Jonas Brodin","Brodin","10.909090909090908","11","4200","MIN@LA","MIN","LA","O","Covid-19","","",""
"","","","","","","","","","","54733-12439:Jeff Skinner","54733-12439","W","Jeff","Jeff Skinner","Skinner","5.236363497647372","11","4100","NYI@BUF","BUF","NYI","","","","",""
"","","","","","","","","","","54733-70915:Dante Fabbro","54733-70915","D","Dante","Dante Fabbro","Fabbro","9.313333129882812","15","4100","NSH@DAL","NSH","DAL","","","","",""
"","","","","","","","","","","54733-82851:Jordan Greenway","54733-82851","W","Jordan","Jordan Greenway","Greenway","11.490909229625355","11","4100","MIN@LA","MIN","LA","","","","",""
"","","","","","","","","","","54733-12253:Mats Zuccarello","54733-12253","W","Mats","Mats Zuccarello","Zuccarello","8.78000018780048","65","4100","MIN@LA","MIN","LA","","","","",""
"","","","","","","","","","","54733-39249:Nick Bjugstad","54733-39249","C","Nick","Nick Bjugstad","Bjugstad","7.7090911865234375","11","4000","MIN@LA","MIN","LA","","","","",""
"","","","","","","","","","","54733-23225:Matt Dumba","54733-23225","D","Matt","Mathew Dumba","Dumba","10.933333502875435","9","4000","MIN@LA","MIN","LA","","","","",""
"","","","","","","","","","","54733-119830:K'Andre Miller","54733-119830","D","K'Andre","K'Andre Miller","Miller","7.230769230769231","13","3900","NJ@NYR","NYR","NJ","O","Upper body","","",""
"","","","","","","","","","","54733-43122:Ryan Graves","54733-43122","D","Ryan","Ryan Graves","Graves","6.98181845925071","11","3900","COL@VGK","COL","VGK","","","","",""
"","","","","","","","","","","54733-116885:John Marino","54733-116885","D","John","John Marino","Marino","4.184615501990685","13","3900","WSH@PIT","PIT","WSH","","","","",""
"","","","","","","","","","","54733-70913:Luke Kunin","54733-70913","C","Luke","Luke Kunin","Kunin","6.109090631658381","11","3900","NSH@DAL","NSH","DAL","","","","",""
"","","","","","","","","","","54733-62923:Marcus Pettersson","54733-62923","D","Marcus","Marcus Pettersson","Pettersson","6.199999809265137","4","3900","WSH@PIT","PIT","WSH","IR","Upper body","","",""
"","","","","","","","","","","54733-80369:Jesper Bratt","54733-80369","W","Jesper","Jesper Bratt","Bratt","8","3","3900","NJ@NYR","NJ","NYR","","","","",""
"","","","","","","","","","","54733-97214:Noah Dobson","54733-97214","D","Noah","Noah Dobson","Dobson","9.192856924874443","14","3900","NYI@BUF","NYI","BUF","","","","",""
"","","","","","","","","","","54733-68646:Brandon Tanev","54733-68646","W","Brandon","Brandon Tanev","Tanev","8.738461421086239","13","3800","WSH@PIT","PIT","WSH","","","","",""
"","","","","","","","","","","54733-81968:Pierre-Olivier Joseph","54733-81968","D","Pierre-Olivier","Pierre-Olivier Joseph","Joseph","8.622222052680122","9","3800","WSH@PIT","PIT","WSH","","","","",""
"","","","","","","","","","","54733-14456:Mattias Ekholm","54733-14456","D","Mattias","Mattias Ekholm","Ekholm","7.466666539510091","12","3800","NSH@DAL","NSH","DAL","IR","Undisclosed","","",""
"","","","","","","","","","","54733-43139:Andreas Athanasiou","54733-43139","W","Andreas","Andreas Athanasiou","Athanasiou","9.785714285714286","7","3800","MIN@LA","LA","MIN","O","Undisclosed","","",""
"","","","","","","","","","","54733-39245:Jacob Trouba","54733-39245","D","Jacob","Jacob Trouba","Trouba","7.63076899601863","13","3800","NJ@NYR","NYR","NJ","","","","",""
"","","","","","","","","","","54733-42860:Curtis Lazar","54733-42860","C","Curtis","Curtis Lazar","Lazar","6.480000305175781","10","3800","NYI@BUF","BUF","NYI","O","Not injury related","","",""
"","","","","","","","","","","54733-111471:Kaapo Kakko","54733-111471","W","Kaapo","Kaapo Kakko","Kakko","6.400000254313151","12","3800","NJ@NYR","NYR","NJ","","","","",""
"","","","","","","","","","","54733-97213:Ty Smith","54733-97213","D","Ty","Ty Smith","Smith","11.844444274902344","9","3800","NJ@NYR","NJ","NYR","","","","",""
"","","","","","","","","","","54733-68623:Teddy Blueger","54733-68623","C","Teddy","Theodor Blueger","Blueger","7.292307927058293","13","3700","WSH@PIT","PIT","WSH","","","","",""
"","","","","","","","","","","54733-13406:Brenden Dillon","54733-13406","D","Brenden","Brenden Dillon","Dillon","6.584615267240084","13","3700","WSH@PIT","WSH","PIT","","","","",""
"","","","","","","","","","","54733-82029:Sean Walker","54733-82029","D","Sean","Sean Walker","Walker","6.928571428571429","7","3700","MIN@LA","LA","MIN","IR","Nose","","",""
"","","","","","","","","","","54733-13472:Dmitry Orlov","54733-13472","D","Dmitry","Dmitry Orlov","Orlov","2.799999952316284","8","3700","WSH@PIT","WSH","PIT","","","","",""
"","","","","","","","","","","54733-82087:Filip Chytil","54733-82087","C","Filip","Filip Chytil","Chytil","10.55999984741211","5","3700","NJ@NYR","NYR","NJ","IR","Upper body","","",""
"","","","","","","","","","","54733-8502:Kyle Okposo","54733-8502","W","Kyle","Kyle Okposo","Okposo","0.5333333412806193","6","3700","NYI@BUF","BUF","NYI","","","","",""
"","","","","","","","","","","54733-58678:Brendan Lemieux","54733-58678","W","Brendan","Brendan Lemieux","Lemieux","6.066666920979817","12","3700","NJ@NYR","NYR","NJ","","","","",""
"","","","","","","","","","","54733-62783:Joonas Donskoi","54733-62783","W","Joonas","Joonas Donskoi","Donskoi","9.125","12","3700","COL@VGK","COL","VGK","","","","",""
"","","","","","","","","","","54733-39269:Erik Haula","54733-39269","W","Erik","Erik Haula","Haula","4.607142857142857","14","3700","NSH@DAL","NSH","DAL","","","","",""
"","","","","","","","","","","54733-12744:Mark Pysyk","54733-12744","D","Mark","Mark Pysyk","Pysyk","3.5333334604899087","12","3700","NSH@DAL","DAL","NSH","","","","",""
"","","","","","","","","","","54733-58877:Conor Sheary","54733-58877","W","Conor","Conor Sheary","Sheary","5.44000015258789","10","3700","WSH@PIT","WSH","PIT","","","","",""
"","","","","","","","","","","54733-54822:Jason Dickinson","54733-54822","W","Jason","Jason Dickinson","Dickinson","8.375","12","3700","NSH@DAL","DAL","NSH","","","","",""
"","","","","","","","","","","54733-142015:Alexis Lafreniere","54733-142015","W","Alexis","Alexis Lafreniere","Lafreniere","3.7538460951585035","13","3700","NJ@NYR","NYR","NJ","","","","",""
"","","","","","","","","","","54733-11170:Nick Leddy","54733-11170","D","Nick","Nick Leddy","Leddy","8.657142639160156","14","3700","NYI@BUF","NYI","BUF","","","","",""
"","","","","","","","","","","54733-8186:Zdeno Chara","54733-8186","D","Zdeno","Zdeno Chara","Chara","8.246153611403246","13","3700","WSH@PIT","WSH","PIT","","","","",""
"","","","","","","","","","","54733-82005:Nicolas Hague","54733-82005","D","Nicolas","Nicolas Hague","Hague","7.6","10","3600","COL@VGK","VGK","COL","","","","",""
"","","","","","","","","","","54733-103524:Nikita Gusev","54733-103524","W","Nikita","Nikita Gusev","Gusev","5.333333333333333","9","3600","NJ@NYR","NJ","NYR","O","Covid-19","","",""
"","","","","","","","","","","54733-54481:Jake McCabe","54733-54481","D","Jake","Jake McCabe","McCabe","6.8","10","3600","NYI@BUF","BUF","NYI","","","","",""
"","","","","","","","","","","54733-54575:Esa Lindell","54733-54575","D","Esa","Esa Lindell","Lindell","6.766666412353516","12","3600","NSH@DAL","DAL","NSH","","","","",""
"","","","","","","","","","","54733-74067:Kevin Rooney","54733-74067","C","Kevin","Kevin Rooney","Rooney","6.94545468417081","11","3600","NJ@NYR","NYR","NJ","","","","",""
"","","","","","","","","","","54733-74092:Kale Clague","54733-74092","D","Kale","Kale Clague","Clague","6.545454545454546","11","3600","MIN@LA","LA","MIN","","","","",""
"","","","","","","","","","","54733-62869:Andreas Johnsson","54733-62869","W","Andreas","Andreas Johnson","Johnsson","5.511110941569011","9","3600","NJ@NYR","NJ","NYR","","","","",""
"","","","","","","","","","","54733-21926:Brian Dumoulin","54733-21926","D","Brian","Brian Dumoulin","Dumoulin","5.028571537562779","7","3600","WSH@PIT","PIT","WSH","IR","Lower body","","",""
"","","","","","","","","","","54733-65970:Pavel Zacha","54733-65970","C","Pavel","Pavel Zacha","Zacha","8.233333163791233","9","3600","NJ@NYR","NJ","NYR","","","","",""
"","","","","","","","","","","54733-12727:Jarred Tinordi","54733-12727","D","Jarred","Jarred Tinordi","Tinordi","4.533333460489909","6","3600","NSH@DAL","NSH","DAL","","","","",""
"","","","","","","","","","","54733-23061:Calle Jarnkrok","54733-23061","W","Calle","Calle Jarnkrok","Jarnkrok","6.399999830457899","9","3600","NSH@DAL","NSH","DAL","","","","",""
"","","","","","","","","","","54733-53866:Adam Pelech","54733-53866","D","Adam","Adam Pelech","Pelech","7.2000002179827005","14","3600","NYI@BUF","NYI","BUF","","","","",""
"","","","","","","","","","","54733-113279:Dylan Cozens","54733-113279","C","Dylan","Dylan Cozens","Cozens","5.566666497124566","9","3600","NYI@BUF","BUF","NYI","O","Not injury related","","",""
"","","","","","","","","","","54733-62277:Mike Matheson","54733-62277","D","Mike","Michael Matheson","Matheson","6.079999923706055","5","3600","WSH@PIT","PIT","WSH","","","","",""
"","","","","","","","","","","54733-9033:Casey Cizikas","54733-9033","C","Casey","Casey Cizikas","Cizikas","5.5428570338657925","14","3600","NYI@BUF","NYI","BUF","","","","",""
"","","","","","","","","","","54733-103276:Blake Lizotte","54733-103276","C","Blake","Blake Lizotte","Lizotte","5.599999904632568","8","3600","MIN@LA","LA","MIN","O","Covid-19","","",""
"","","","","","","","","","","54733-42862:Olli Maatta","54733-42862","D","Olli","Olli Maatta","Maatta","4.8000000847710504","9","3600","MIN@LA","LA","MIN","","","","",""
"","","","","","","","","","","54733-15247:Victor Rask","54733-15247","C","Victor","Victor Rask","Rask","4.7272727272727275","11","3600","MIN@LA","MIN","LA","O","Covid-19","","",""
"","","","","","","","","","","54733-37883:Cody Ceci","54733-37883","D","Cody","Cody Ceci","Ceci","8.88000030517578","10","3600","WSH@PIT","PIT","WSH","","","","",""
"","","","","","","","","","","54733-82953:Louie Belpedio","54733-82953","D","Louie","Louie Belpedio","Belpedio","0","0","3500","MIN@LA","MIN","LA","","","","",""
"","","","","","","","","","","54733-68624:Casey Nelson","54733-68624","D","Casey","Casey Nelson","Nelson","0","0","3500","NYI@BUF","BUF","NYI","","","","",""
"","","","","","","","","","","54733-11284:Cody Eakin","54733-11284","C","Cody","Cody Eakin","Eakin","1.6000000346790662","11","3500","NYI@BUF","BUF","NYI","","","","",""
"","","","","","","","","","","54733-39972:Kurtis MacDermid","54733-39972","D","Kurtis","Kurtis MacDermid","MacDermid","5.679999923706054","10","3500","MIN@LA","LA","MIN","","","","",""
"","","","","","","","","","","54733-82989:Dennis Gilbert","54733-82989","D","Dennis","Dennis Gilbert","Gilbert","0.800000011920929","2","3500","COL@VGK","COL","VGK","","","","",""
"","","","","","","","","","","54733-79924:Carson Soucy","54733-79924","D","Carson","Carson Soucy","Soucy","4.363636363636363","11","3500","MIN@LA","MIN","LA","O","Covid-19","","",""
"","","","","","","","","","","54733-66616:Dakota Mermis","54733-66616","D","Dakota","Dakota Mermis","Mermis","9.680000305175781","10","3500","MIN@LA","MIN","LA","","","","",""
"","","","","","","","","","","54733-81999:Henri Jokiharju","54733-81999","D","Henri","Henri Jokiharju","Jokiharju","4.5","8","3500","NYI@BUF","BUF","NYI","","","","",""
"","","","","","","","","","","54733-66642:Austin Wagner","54733-66642","W","Austin","Austin Wagner","Wagner","8","9","3500","MIN@LA","LA","MIN","","","","",""
"","","","","","","","","","","54733-82004:Cody Glass","54733-82004","C","Cody","Cody Glass","Glass","9.588889227973091","9","3500","COL@VGK","VGK","COL","","","","",""
"","","","","","","","","","","54733-79965:Carl Grundstrom","54733-79965","W","Carl","Carl Grundstrom","Grundstrom","6.763636502352628","11","3500","MIN@LA","LA","MIN","","","","",""
"","","","","","","","","","","54733-82028:Markus Phillips","54733-82028","D","Markus","Markus Phillips","Phillips","0","0","3500","MIN@LA","LA","MIN","","","","",""
"","","","","","","","","","","54733-66671:Jonas Siegenthaler","54733-66671","D","Jonas","Jonas Siegenthaler","Siegenthaler","3.4666665395100913","6","3500","WSH@PIT","WSH","PIT","","","","",""
"","","","","","","","","","","54733-9330:Yannick Weber","54733-9330","D","Yannick","Yannick Weber","Weber","0.800000011920929","2","3500","WSH@PIT","PIT","WSH","","","","",""
"","","","","","","","","","","54733-11387:Matt Irwin","54733-11387","D","Matt","Matt Irwin","Irwin","7.599999904632568","4","3500","NYI@BUF","BUF","NYI","","","","",""
"","","","","","","","","","","54733-66687:Parker Wotherspoon","54733-66687","D","Parker","Parker Wotherspoon","Wotherspoon","0","0","3500","NYI@BUF","NYI","BUF","","","","",""
"","","","","","","","","","","54733-14474:Sami Vatanen","54733-14474","D","Sami","Sami Vatanen","Vatanen","10.446808510638299","47","3500","NJ@NYR","NJ","NYR","O","Not injury related","","",""
"","","","","","","","","","","54733-66705:Ian McCoshen","54733-66705","D","Ian","Ian McCoshen","McCoshen","0","0","3500","MIN@LA","MIN","LA","","","","",""
"","","","","","","","","","","54733-21649:Zach Trotman","54733-21649","D","Zach","Zach Trotman","Trotman","4.199999809265137","8","3500","WSH@PIT","PIT","WSH","IR","Knee","","",""
"","","","","","","","","","","54733-66709:Jared McCann","54733-66709","W","Jared","Jared McCann","McCann","7.318181818181818","11","3500","WSH@PIT","PIT","WSH","IR","Lower body","","",""
"","","","","","","","","","","54733-103573:Jacob Bryson","54733-103573","D","Jacob","Jacob Bryson","Bryson","0","0","3500","NYI@BUF","BUF","NYI","","","","",""
"","","","","","","","","","","54733-66710:Joel Hanley","54733-66710","D","Joel","Joel Hanley","Hanley","3.2000001271565757","6","3500","NSH@DAL","DAL","NSH","","","","",""
"","","","","","","","","","","54733-82075:Will Butcher","54733-82075","D","Will","Will Butcher","Butcher","7.208928789411273","56","3500","NJ@NYR","NJ","NYR","","","","",""
"","","","","","","","","","","54733-82076:Jacob MacDonald","54733-82076","D","Jacob","Jacob MacDonald","MacDonald","5.866666793823242","3","3500","COL@VGK","COL","VGK","","","","",""
"","","","","","","","","","","54733-116900:Thomas Harley","54733-116900","D","Thomas","Thomas Harley","Harley","0","0","3500","NSH@DAL","DAL","NSH","","","","",""
"","","","","","","","","","","54733-66726:Colton White","54733-66726","D","Colton","Colton White","White","1.6000000635782878","6","3500","NJ@NYR","NJ","NYR","","","","",""
"","","","","","","","","","","54733-73907:Frederic Allard","54733-73907","D","Frederic","Frederic Allard","Allard","0","0","3500","NSH@DAL","NSH","DAL","","","","",""
"","","","","","","","","","","54733-21687:Greg Pateryn","54733-21687","D","Greg","Greg Pateryn","Pateryn","5.866666793823242","6","3500","COL@VGK","COL","VGK","","","","",""
"","","","","","","","","","","54733-21688:Cameron Schilling","54733-21688","D","Cameron","Cameron Schilling","Schilling","0","0","3500","WSH@PIT","WSH","PIT","","","","",""
"","","","","","","","","","","54733-66745:Josh Jacobs","54733-66745","D","Josh","Josh Jacobs","Jacobs","5.599999904632568","2","3500","NJ@NYR","NJ","NYR","","","","",""
"","","","","","","","","","","54733-73936:Brennan Menell","54733-73936","D","Brennan","Brennan Menell","Menell","2.5600000381469727","5","3500","MIN@LA","MIN","LA","","","","",""
"","","","","","","","","","","54733-54482:Stephen Johns","54733-54482","D","Stephen","Stephen Johns","Johns","7.529411764705882","17","3500","NSH@DAL","DAL","NSH","O","Undisclosed","","",""
"","","","","","","","","","","54733-8410:Jack Johnson","54733-8410","D","Jack","Jack Johnson","Johnson","2.5600000381469727","5","3500","NJ@NYR","NYR","NJ","O","Groin","","",""
"","","","","","","","","","","54733-8411:Thomas Hickey","54733-8411","D","Thomas","Thomas Hickey","Hickey","0","0","3500","NYI@BUF","NYI","BUF","","","","",""
"","","","","","","","","","","54733-21732:Anthony Bitetto","54733-21732","D","Anthony","Anthony Bitetto","Bitetto","4.320000076293946","5","3500","NJ@NYR","NYR","NJ","","","","",""
"","","","","","","","","","","54733-21735:Matt Tennyson","54733-21735","D","Matt","Matt Tennyson","Tennyson","3.5555555555555554","9","3500","NJ@NYR","NJ","NYR","","","","",""
"","","","","","","","","","","54733-82154:Sebastian Aho","54733-82154","D","Sebastian","Sebastian Aho","Aho","0","0","3500","NYI@BUF","NYI","BUF","","","","",""
"","","","","","","","","","","54733-70919:Julien Gauthier","54733-70919","W","Julien","Julien Gauthier","Gauthier","4.5","8","3500","NJ@NYR","NYR","NJ","","","","",""
"","","","","","","","","","","54733-82189:Conor Timmins","54733-82189","D","Conor","Conor Timmins","Timmins","3.5555555555555554","9","3500","COL@VGK","COL","VGK","","","","",""
"","","","","","","","","","","54733-70926:Lucas Johansen","54733-70926","D","Lucas","Lucas Johansen","Johansen","0","0","3500","WSH@PIT","WSH","PIT","","","","",""
"","","","","","","","","","","54733-74015:Dan Renouf","54733-74015","D","Dan","Dan Renouf","Renouf","0","0","3500","COL@VGK","COL","VGK","","","","",""
"","","","","","","","","","","54733-74014:Dylan Coghlan","54733-74014","D","Dylan","Dylan Coghlan","Coghlan","3.7333332697550454","6","3500","COL@VGK","VGK","COL","","","","",""
"","","","","","","","","","","54733-82211:Fedor Gordeev","54733-82211","D","Fedor","Fedor Gordeev","Gordeev","0","0","3500","MIN@LA","MIN","LA","","","","",""
"","","","","","","","","","","54733-8490:Andy Greene","54733-8490","D","Andy","Andy Greene","Greene","4.7999997820172995","14","3500","NYI@BUF","NYI","BUF","","","","",""
"","","","","","","","","","","54733-117038:Matthew Robertson","54733-117038","D","Matthew","Matthew Robertson","Robertson","0","0","3500","NJ@NYR","NYR","NJ","","","","",""
"","","","","","","","","","","54733-117050:Kaedan Korczak","54733-117050","D","Kaedan","Kaedan Korczak","Korczak","0","0","3500","COL@VGK","VGK","COL","","","","",""
"","","","","","","","","","","54733-13629:Taylor Fedun","54733-13629","D","Taylor","Taylor Fedun","Fedun","6.459259033203125","27","3500","NSH@DAL","DAL","NSH","","","","",""
"","","","","","","","","","","54733-84289:Lawrence Pilut","54733-84289","D","Lawrence","Lawrence Pilut","Pilut","3.076923076923077","13","3500","NYI@BUF","BUF","NYI","","","","",""
"","","","","","","","","","","54733-74054:Brandon Crawley","54733-74054","D","Brandon","Brandon Crawley","Crawley","0","0","3500","NJ@NYR","NYR","NJ","","","","",""
"","","","","","","","","","","54733-103753:Mikey Anderson","54733-103753","D","Mikey","Mikey Anderson","Anderson","4.3076923076923075","13","3500","MIN@LA","LA","MIN","","","","",""
"","","","","","","","","","","54733-117069:Peter Tischke","54733-117069","D","Peter","Peter Tischke","Tischke","0","0","3500","COL@VGK","COL","VGK","","","","",""
"","","","","","","","","","","54733-74072:Colby Sissons","54733-74072","D","Colby","Colby Sissons","Sissons","0","0","3500","NJ@NYR","NJ","NYR","","","","",""
"","","","","","","","","","","54733-74075:Ben Gleason","54733-74075","D","Ben","Ben Gleason","Gleason","0","0","3500","NSH@DAL","DAL","NSH","","","","",""
"","","","","","","","","","","54733-39261:Scott Mayfield","54733-39261","D","Scott","Scott Mayfield","Mayfield","6.914285932268415","14","3500","NYI@BUF","NYI","BUF","","","","",""
"","","","","","","","","","","54733-117092:Jordan Spence","54733-117092","D","Jordan","Jordan Spence","Spence","0","0","3500","MIN@LA","LA","MIN","","","","",""
"","","","","","","","","","","54733-39270:Mark Alt","54733-39270","D","Mark","Mark Alt","Alt","3.200000047683716","2","3500","MIN@LA","LA","MIN","","","","",""
"","","","","","","","","","","54733-120177:Cam Lee","54733-120177","D","Cam","Cam Lee","Lee","0","0","3500","WSH@PIT","PIT","WSH","","","","",""
"","","","","","","","","","","54733-74096:Jacob Moverare","54733-74096","D","Jacob","Jacob Moverare","Moverare","0","0","3500","MIN@LA","LA","MIN","","","","",""
"","","","","","","","","","","54733-117109:Nikita Okhotiuk","54733-117109","D","Nikita","Nikita Okhotiuk","Okhotiuk","0","0","3500","NJ@NYR","NJ","NYR","","","","",""
"","","","","","","","","","","54733-74103:David Quenneville","54733-74103","D","David","David Quenneville","Quenneville","0","0","3500","NJ@NYR","NJ","NYR","","","","",""
"","","","","","","","","","","54733-74104:Mitch Vande Sompel","54733-74104","D","Mitch","Mitch Vande Sompel","Vande Sompel","0","0","3500","NYI@BUF","NYI","BUF","","","","",""
"","","","","","","","","","","54733-84347:Jesper Lindgren","54733-84347","D","Jesper","Jesper Lindgren","Lindgren","0","0","3500","WSH@PIT","PIT","WSH","","","","",""
"","","","","","","","","","","54733-74109:Keaton Middleton","54733-74109","D","Keaton","Keaton Middleton","Middleton","0","0","3500","COL@VGK","COL","VGK","","","","",""
"","","","","","","","","","","54733-84363:Juuso Riikola","54733-84363","D","Juuso","Juuso Riikola","Riikola","1.600000023841858","2","3500","WSH@PIT","PIT","WSH","IR","Upper body","","",""
"","","","","","","","","","","54733-39309:Chad Ruhwedel","54733-39309","D","Chad","Chad Ruhwedel","Ruhwedel","3.866666793823242","12","3500","WSH@PIT","PIT","WSH","","","","",""
"","","","","","","","","","","54733-74127:Matt Benning","54733-74127","D","Matt","Matt Benning","Benning","2.3999998910086497","14","3500","NSH@DAL","NSH","DAL","","","","",""
"","","","","","","","","","","54733-61859:Brandon Montour","54733-61859","D","Brandon","Brandon Montour","Montour","6.240000152587891","10","3500","NYI@BUF","BUF","NYI","DTD","Not injury related","","",""
"","","","","","","","","","","54733-74148:Libor Hajek","54733-74148","D","Libor","Libor Hajek","Hajek","3.200000047683716","4","3500","NJ@NYR","NYR","NJ","","","","",""
"","","","","","","","","","","54733-13743:Mark Borowiecki","54733-13743","D","Mark","Mark Borowiecki","Borowiecki","4.266666730244954","12","3500","NSH@DAL","NSH","DAL","","","","",""
"","","","","","","","","","","54733-41392:Valeri Nichushkin","54733-41392","W","Valeri","Valeri Nichushkin","Nichushkin","5.233333269755046","12","3500","COL@VGK","COL","VGK","","","","",""
"","","","","","","","","","","54733-82375:Austin Strand","54733-82375","D","Austin","Austin Strand","Strand","5.199999809265137","4","3500","MIN@LA","LA","MIN","","","","",""
"","","","","","","","","","","54733-8647:Erik Johnson","54733-8647","D","Erik","Erik Johnson","Johnson","6","4","3500","COL@VGK","COL","VGK","IR","Upper body","","",""
"","","","","","","","","","","54733-117192:Samuel Bolduc","54733-117192","D","Samuel","Samuel Bolduc","Bolduc","0","0","3500","NYI@BUF","NYI","BUF","","","","",""
"","","","","","","","","","","54733-53719:Kevin Czuczman","54733-53719","D","Kevin","Kevin Czuczman","Czuczman","3.200000047683716","2","3500","WSH@PIT","PIT","WSH","","","","",""
"","","","","","","","","","","54733-107990:Joel Kiviranta","54733-107990","W","Joel","Joel Kiviranta","Kiviranta","6.324999809265137","4","3500","NSH@DAL","DAL","NSH","","","","",""
"","","","","","","","","","","54733-12793:Brayden McNabb","54733-12793","D","Brayden","Brayden McNabb","McNabb","4.342857088361468","7","3500","COL@VGK","VGK","COL","IR","Lower body","","",""
"","","","","","","","","","","54733-128509:Mattias Samuelsson","54733-128509","D","Mattias","Mattias Samuelsson","Samuelsson","0","0","3500","NYI@BUF","BUF","NYI","","","","",""
"","","","","","","","","","","54733-135676:William Reilly","54733-135676","D","William","William Reilly","Reilly","0","0","3500","WSH@PIT","PIT","WSH","","","","",""
"","","","","","","","","","","54733-135684:Cole Hults","54733-135684","D","Cole","Cole Hults","Hults","0","0","3500","MIN@LA","LA","MIN","","","","",""
"","","","","","","","","","","54733-96783:Dawson Barteaux","54733-96783","D","Dawson","Dawson Barteaux","Barteaux","0","0","3500","NSH@DAL","DAL","NSH","","","","",""
"","","","","","","","","","","54733-117268:Yegor Rykov","54733-117268","D","Yegor","Yegor Rykov","Rykov","0","0","3500","NJ@NYR","NYR","NJ","","","","",""
"","","","","","","","","","","54733-70170:Carl Dahlstrom","54733-70170","D","Carl","Carl Dahlstrom","Dahlstrom","2.88000005086263","15","3500","COL@VGK","VGK","COL","","","","",""
"","","","","","","","","","","54733-58928:Tony DeAngelo","54733-58928","D","Tony","Tony DeAngelo","DeAngelo","6.483333587646484","6","3500","NJ@NYR","NYR","NJ","","","","",""
"","","","","","","","","","","54733-138806:Ryan Shea","54733-138806","D","Ryan","Ryan Shea","Shea","0","0","3500","NSH@DAL","DAL","NSH","","","","",""
"","","","","","","","","","","54733-10842:Nick Holden","54733-10842","D","Nick","Nick Holden","Holden","5.333333333333333","6","3500","COL@VGK","VGK","COL","","","","",""
"","","","","","","","","","","54733-58974:Julius Honka","54733-58974","D","Julius","Julius Honka","Honka","0","0","3500","NSH@DAL","DAL","NSH","","","","",""
"","","","","","","","","","","54733-113273:Tobias Bjornfot","54733-113273","D","Tobias","Tobias Bjornfot","Bjornfot","11.199999809265137","1","3500","MIN@LA","LA","MIN","","","","",""
"","","","","","","","","","","54733-113272:Bowen Byram","54733-113272","D","Bowen","Bowen Byram","Byram","4.8000000847710504","9","3500","COL@VGK","COL","VGK","","","","",""
"","","","","","","","","","","54733-54951:Pierre-Edouard Bellemare","54733-54951","C","Pierre-Edouard","Pierre-Edouard Bellemare","Bellemare","1.2444444232516818","9","3500","COL@VGK","COL","VGK","","","","",""
"","","","","","","","","","","54733-8878:Dmitry Kulikov","54733-8878","D","Dmitry","Dmitry Kulikov","Kulikov","5.155555725097656","9","3500","NJ@NYR","NJ","NYR","O","Covid-19","","",""
"","","","","","","","","","","54733-70325:Paul LaDue","54733-70325","D","Paul","Paul LaDue","LaDue","8","2","3500","WSH@PIT","WSH","PIT","","","","",""
"","","","","","","","","","","54733-23222:Zemgus Girgensons","54733-23222","W","Zemgus","Zemgus Girgensons","Girgensons","5.36231884057971","69","3500","NYI@BUF","BUF","NYI","IR","Hamstring","","",""
"","","","","","","","","","","54733-103096:Joseph Cecconi","54733-103096","D","Joseph","Joseph Cecconi","Cecconi","0","0","3500","NSH@DAL","DAL","NSH","","","","",""
"","","","","","","","","","","54733-108240:Tarmo Reunanen","54733-108240","D","Tarmo","Tarmo Reunanen","Reunanen","0","0","3500","NJ@NYR","NYR","NJ","","","","",""
"","","","","","","","","","","54733-103124:Grant Hutton","54733-103124","D","Grant","Grant Hutton","Hutton","0","0","3500","NYI@BUF","NYI","BUF","","","","",""
"","","","","","","","","","","54733-146142:Lukas Cormier","54733-146142","D","Lukas","Lukas Cormier","Cormier","0","0","3500","COL@VGK","VGK","COL","","","","",""
"","","","","","","","","","","54733-23286:Ryan Murray","54733-23286","D","Ryan","Ryan Murray","Murray","4.977777693006727","9","3500","NJ@NYR","NJ","NYR","","","","",""
"","","","","","","","","","","54733-59139:Darren Raddysh","54733-59139","D","Darren","Darren Raddysh","Raddysh","0","0","3500","NJ@NYR","NYR","NJ","","","","",""
"","","","","","","","","","","54733-146186:Ryan Jones","54733-146186","D","Ryan","Ryan Jones","Jones","0","0","3500","NYI@BUF","BUF","NYI","","","","",""
"","","","","","","","","","","54733-39710:Nick Jensen","54733-39710","D","Nick","Nick Jensen","Jensen","5.279999923706055","10","3500","WSH@PIT","WSH","PIT","","","","",""
"","","","","","","","","","","54733-97055:Calen Addison","54733-97055","D","Calen","Calen Addison","Addison","0","0","3500","MIN@LA","MIN","LA","","","","",""
"","","","","","","","","","","54733-103212:Casey Fitzgerald","54733-103212","D","Casey","Casey Fitzgerald","Fitzgerald","0","0","3500","NYI@BUF","BUF","NYI","","","","",""
"","","","","","","","","","","54733-9011:Andrej Sekera","54733-9011","D","Andrej","Andrej Sekera","Sekera","4.114285605294364","7","3500","NSH@DAL","DAL","NSH","","","","",""
"","","","","","","","","","","54733-97083:Connor Corcoran","54733-97083","D","Connor","Connor Corcoran","Corcoran","0","0","3500","COL@VGK","VGK","COL","","","","",""
"","","","","","","","","","","54733-82755:Ryan Lindgren","54733-82755","D","Ryan","Ryan Lindgren","Lindgren","4.061538402850811","13","3500","NJ@NYR","NYR","NJ","","","","",""
"","","","","","","","","","","54733-97091:Martin Fehervary","54733-97091","D","Martin","Martin Fehervary","Fehervary","3.7333332697550454","6","3500","WSH@PIT","WSH","PIT","","","","",""
"","","","","","","","","","","54733-97090:Alexander Alexeyev","54733-97090","D","Alexander","Alexander Alexeyev","Alexeyev","0","0","3500","WSH@PIT","WSH","PIT","","","","",""
"","","","","","","","","","","54733-119624:Jerad Rosburg","54733-119624","D","Jerad","Jerad Rosburg","Rosburg","0","0","3500","NSH@DAL","DAL","NSH","","","","",""
"","","","","","","","","","","54733-139091:Josh Maniscalco","54733-139091","D","Josh","Josh Maniscalco","Maniscalco","0","0","3500","WSH@PIT","PIT","WSH","","","","",""
"","","","","","","","","","","54733-97107:Kevin Bahl","54733-97107","D","Kevin","Kevin Bahl","Bahl","0","0","3500","NJ@NYR","NJ","NYR","","","","",""
"","","","","","","","","","","54733-104277:Niclas Almari","54733-104277","D","Niclas","Niclas Almari","Almari","0","0","3500","WSH@PIT","PIT","WSH","","","","",""
"","","","","","","","","","","54733-12120:Matt Bartkowski","54733-12120","D","Matt","Matt Bartkowski","Bartkowski","0","0","3500","MIN@LA","MIN","LA","","","","",""
"","","","","","","","","","","54733-42844:Connor Carrick","54733-42844","D","Connor","Connor Carrick","Carrick","5.324137720568427","29","3500","NJ@NYR","NJ","NYR","","","","",""
"","","","","","","","","","","54733-42846:Tyler Lewington","54733-42846","D","Tyler","Tyler Lewington","Lewington","2.3999999364217124","6","3500","NSH@DAL","NSH","DAL","","","","",""
"","","","","","","","","","","54733-42855:Ben Harpur","54733-42855","D","Ben","Ben Harpur","Harpur","0","0","3500","NSH@DAL","NSH","DAL","","","","",""
"","","","","","","","","","","54733-66409:Alexandre Carrier","54733-66409","D","Alexandre","Alexandre Carrier","Carrier","2.133333365122477","3","3500","NSH@DAL","NSH","DAL","","","","",""
"","","","","","","","","","","54733-9066:Luca Sbisa","54733-9066","D","Luca","Luca Sbisa","Sbisa","3.200000047683716","1","3500","NSH@DAL","NSH","DAL","IR","Upper body","","",""
"","","","","","","","","","","54733-54126:Trevor van Riemsdyk","54733-54126","D","Trevor","Trevor van Riemsdyk","van Riemsdyk","6.285714285714286","7","3500","WSH@PIT","WSH","PIT","","","","",""
"","","","","","","","","","","54733-82800:Zach Whitecloud","54733-82800","D","Zach","Zach Whitecloud","Whitecloud","6.646153963529146","13","3500","COL@VGK","VGK","COL","","","","",""
"","","","","","","","","","","54733-11122:Nick Bonino","54733-11122","C","Nick","Nick Bonino","Bonino","6.663636641068892","11","3500","MIN@LA","MIN","LA","","","","",""
"","","","","","","","","","","54733-59256:Kyle Burroughs","54733-59256","D","Kyle","Kyle Burroughs","Burroughs","0","0","3500","COL@VGK","COL","VGK","","","","",""
"","","","","","","","","","","54733-103298:Jimmy Schuldt","54733-103298","D","Jimmy","Jimmy Schuldt","Schuldt","0","0","3500","COL@VGK","VGK","COL","","","","",""
"","","","","","","","","","","54733-82833:Tobias Geisser","54733-82833","D","Tobias","Tobias Geisser","Geisser","0","0","3500","WSH@PIT","WSH","PIT","","","","",""
"","","","","","","","","","","54733-97173:Sean Durzi","54733-97173","D","Sean","Sean Durzi","Durzi","0","0","3500","MIN@LA","LA","MIN","","","","",""
"","","","","","","","","","","54733-103318:Bobby Nardella","54733-103318","D","Bobby","Bobby Nardella","Nardella","0","0","3500","WSH@PIT","WSH","PIT","","","","",""
"","","","","","","","","","","54733-82841:William Borgen","54733-82841","D","William","William Borgen","Borgen","3.200000047683716","1","3500","NYI@BUF","BUF","NYI","","","","",""
"","","","","","","","","","","54733-103322:Brandon Fortunato","54733-103322","D","Brandon","Brandon Fortunato","Fortunato","0","0","3500","NSH@DAL","NSH","DAL","","","","",""
"","","","","","","","","","","54733-42908:Brad Hunt","54733-42908","D","Brad","Brad Hunt","Hunt","2.8799999237060545","5","3500","MIN@LA","MIN","LA","O","Covid-19","","",""
"","","","","","","","","","","54733-97190:Brayden Pachal","54733-97190","D","Brayden","Brayden Pachal","Pachal","0","0","3500","COL@VGK","VGK","COL","","","","",""
"","","","","","","","","","","54733-42924:Colin Miller","54733-42924","D","Colin","Colin Miller","Miller","6.127272865988991","11","3500","NYI@BUF","BUF","NYI","","","","",""
"","","","","","","","","","","54733-70579:Michal Kempny","54733-70579","D","Michal","Michal Kempny","Kempny","6.689655172413793","58","3500","WSH@PIT","WSH","PIT","O","Achilles","","",""
"","","","","","","","","","","54733-15293:Jamie Oleksiak","54733-15293","D","Jamie","Jamie Oleksiak","Oleksiak","6.266666412353516","12","3500","NSH@DAL","DAL","NSH","","","","",""
"","","","","","","","","","","54733-146377:Luke Prokop","54733-146377","D","Luke","Luke Prokop","Prokop","0","0","3500","NSH@DAL","NSH","DAL","","","","",""
"","","","","","","","","","","54733-97230:Bode Wilde","54733-97230","D","Bode","Bode Wilde","Wilde","0","0","3500","NYI@BUF","NYI","BUF","","","","",""
"","","","","","","","","","","54733-97243:Reilly Walsh","54733-97243","D","Reilly","Reilly Walsh","Walsh","0","0","3500","NJ@NYR","NJ","NYR","","","","",""
"","","","","","","","","","","54733-141272:Oskari Laaksonen","54733-141272","D","Oskari","Oskari Laaksonen","Laaksonen","0","0","3500","NYI@BUF","BUF","NYI","","","","",""
"","","","","","","","","","","54733-97242:Jeremy Davies","54733-97242","D","Jeremy","Jeremy Davies","Davies","0","0","3500","NSH@DAL","NSH","DAL","","","","",""
"","","","","","","","","","","54733-15328:Brandon Davidson","54733-15328","D","Brandon","Brandon Davidson","Davidson","3.200000047683716","1","3500","NYI@BUF","BUF","NYI","","","","",""
"","","","","","","","","","","54733-12259:Brendan Smith","54733-12259","D","Brendan","Brendan Smith","Smith","2.933333396911621","6","3500","NJ@NYR","NYR","NJ","DTD","Upper body","","",""
"","","","","","","","","","","54733-62445:Evan Rodrigues","54733-62445","W","Evan","Evan Rodrigues","Rodrigues","5.733333587646484","6","3500","WSH@PIT","PIT","WSH","IR","Lower body","","",""
"","","","","","","","","","","54733-82927:Daniel Brickley","54733-82927","D","Daniel","Daniel Brickley","Brickley","0","0","3500","MIN@LA","LA","MIN","","","","",""
"","","","","","","","","","","54733-11254:Ian Cole","54733-11254","D","Ian","Ian Cole","Cole","4.159999847412109","10","3500","MIN@LA","MIN","LA","O","Covid-19","","",""
"","","","","","","","","","","54733-79865:Matt Roy","54733-79865","D","Matt","Matt Roy","Roy","6.599999904632568","8","3500","MIN@LA","LA","MIN","","","","",""
"","","","","","","","","","","54733-79870:Jake Bischoff","54733-79870","D","Jake","Jake Bischoff","Bischoff","5.599999904632568","4","3500","COL@VGK","VGK","COL","","","","",""
"","","","","","","","","","","54733-39146:Tobias Rieder","54733-39146","W","Tobias","Tobias Rieder","Rieder","6.909090909090909","11","3400","NYI@BUF","BUF","NYI","","","","",""
"","","","","","","","","","","54733-54478:Nic Dowd","54733-54478","C","Nic","Nic Dowd","Dowd","5.415384732759916","13","3300","WSH@PIT","WSH","PIT","","","","",""
"","","","","","","","","","","54733-8425:Cal Clutterbuck","54733-8425","W","Cal","Cal Clutterbuck","Clutterbuck","5.085714067731585","14","3300","NYI@BUF","NYI","BUF","","","","",""
"","","","","","","","","","","54733-82170:Jason Robertson","54733-82170","W","Jason","Jason Robertson","Robertson","8.914285932268415","7","3300","NSH@DAL","DAL","NSH","","","","",""
"","","","","","","","","","","54733-54576:Rocco Grimaldi","54733-54576","W","Rocco","Rocco Grimaldi","Grimaldi","6.6400001525878904","10","3300","NSH@DAL","NSH","DAL","","","","",""
"","","","","","","","","","","54733-9002:Richard Panik","54733-9002","W","Richard","Richard Panik","Panik","5.884615384615385","13","3300","WSH@PIT","WSH","PIT","","","","",""
"","","","","","","","","","","54733-62310:Tanner Kero","54733-62310","W","Tanner","Tanner Kero","Kero","4","8","3300","NSH@DAL","DAL","NSH","","","","",""
"","","","","","","","","","","54733-59251:Michael Dal Colle","54733-59251","W","Michael","Michael Dal Colle","Dal Colle","3.1999999455043246","7","3300","NYI@BUF","NYI","BUF","","","","",""
"","","","","","","","","","","54733-54193:Phillip Di Giuseppe","54733-54193","W","Phillip","Phillip Di Giuseppe","Di Giuseppe","8","12","3300","NJ@NYR","NYR","NJ","","","","",""
"","","","","","","","","","","54733-97212:Yegor Sharangovich","54733-97212","W","Yegor","Yegor Sharangovich","Sharangovich","4.711111280653212","9","3300","NJ@NYR","NJ","NYR","","","","",""
"","","","","","","","","","","54733-79820:Zach Aston-Reese","54733-79820","W","Zach","Zach Aston-Reese","Aston-Reese","19.200000762939453","2","3300","WSH@PIT","PIT","WSH","","","","",""
"","","","","","","","","","","54733-68644:Mark Jankowski","54733-68644","C","Mark","Mark Jankowski","Jankowski","4.492307809682993","13","3200","WSH@PIT","PIT","WSH","","","","",""
"","","","","","","","","","","54733-82024:Gabriel Vilardi","54733-82024","C","Gabriel","Gabriel Vilardi","Vilardi","5.269230769230769","13","3200","MIN@LA","LA","MIN","","","","",""
"","","","","","","","","","","54733-82026:Jaret Anderson-Dolan","54733-82026","C","Jaret","Jaret Anderson-Dolan","Anderson-Dolan","9.199999809265137","4","3200","MIN@LA","LA","MIN","","","","",""
"","","","","","","","","","","54733-66678:Nicolas Roy","54733-66678","W","Nicolas","Nicolas Roy","Roy","4.2461539048414965","13","3200","COL@VGK","VGK","COL","","","","",""
"","","","","","","","","","","54733-43176:Ryan Hartman","54733-43176","W","Ryan","Ryan Hartman","Hartman","6.654545177112926","11","3200","MIN@LA","MIN","LA","","","","",""
"","","","","","","","","","","54733-73970:Colin Blackwell","54733-73970","W","Colin","Colin Blackwell","Blackwell","7.519999694824219","5","3200","NJ@NYR","NYR","NJ","","","","",""
"","","","","","","","","","","54733-70908:Tyson Jost","54733-70908","W","Tyson","Tyson Jost","Jost","2.472727342085405","11","3200","COL@VGK","COL","VGK","O","Covid-19","","",""
"","","","","","","","","","","54733-54528:Daniel Carr","54733-54528","W","Daniel","Daniel Carr","Carr","6.400000254313151","3","3200","WSH@PIT","WSH","PIT","","","","",""
"","","","","","","","","","","54733-70925:Brett Howden","54733-70925","C","Brett","Brett Howden","Howden","2.707692366379958","13","3200","NJ@NYR","NYR","NJ","","","","",""
"","","","","","","","","","","54733-70924:Tage Thompson","54733-70924","W","Tage","Tage Thompson","Thompson","4.799999872843425","6","3200","NYI@BUF","BUF","NYI","","","","",""
"","","","","","","","","","","54733-8475:Travis Zajac","54733-8475","C","Travis","Travis Zajac","Zajac","6.171428680419922","7","3200","NJ@NYR","NJ","NYR","O","Covid-19","","",""
"","","","","","","","","","","54733-8503:Blake Comeau","54733-8503","W","Blake","Blake Comeau","Comeau","6","8","3200","NSH@DAL","DAL","NSH","","","","",""
"","","","","","","","","","","54733-23928:Radek Faksa","54733-23928","C","Radek","Radek Faksa","Faksa","5.266666730244954","12","3200","NSH@DAL","DAL","NSH","","","","",""
"","","","","","","","","","","54733-21921:Riley Sheahan","54733-21921","C","Riley","Riley Sheahan","Sheahan","2.98181811246005","11","3200","NYI@BUF","BUF","NYI","","","","",""
"","","","","","","","","","","54733-23054:Leo Komarov","54733-23054","W","Leo","Leo Komarov","Komarov","4.449999809265137","8","3200","NYI@BUF","NYI","BUF","","","","",""
"","","","","","","","","","","54733-8746:Matt Calvert","54733-8746","W","Matt","Matt Calvert","Calvert","4","6","3200","COL@VGK","COL","VGK","IR","Upper body","","",""
"","","","","","","","","","","54733-59142:Michael Amadio","54733-59142","C","Michael","Michael Amadio","Amadio","3.972727342085405","11","3200","MIN@LA","LA","MIN","","","","",""
"","","","","","","","","","","54733-82842:Dylan Sikura","54733-82842","W","Dylan","Dylan Sikura","Sikura","5.244444529215495","9","3200","COL@VGK","VGK","COL","","","","",""
"","","","","","","","","","","54733-15307:Nick Cousins","54733-15307","W","Nick","Nick Cousins","Cousins","5.385714394705636","14","3200","NSH@DAL","NSH","DAL","","","","",""
"","","","","","","","","","","54733-82925:Eeli Tolvanen","54733-82925","W","Eeli","Eeli Tolvanen","Tolvanen","4.133333206176758","6","3200","NSH@DAL","NSH","DAL","","","","",""
"","","","","","","","","","","54733-15357:Carl Hagelin","54733-15357","W","Carl","Carl Hagelin","Hagelin","4.861538520226111","13","3200","WSH@PIT","WSH","PIT","","","","",""
"","","","","","","","","","","54733-66625:Keegan Kolesar","54733-66625","W","Keegan","Keegan Kolesar","Kolesar","3.3599998474121096","10","3100","COL@VGK","VGK","COL","","","","",""
"","","","","","","","","","","54733-8397:Brad Richardson","54733-8397","C","Brad","Brad Richardson","Richardson","4.300000190734863","8","3100","NSH@DAL","NSH","DAL","IR","Upper body","","",""
"","","","","","","","","","","54733-42705:Colton Sissons","54733-42705","C","Colton","Colton Sissons","Sissons","4.266666666666667","15","3100","NSH@DAL","NSH","DAL","","","","",""
"","","","","","","","","","","54733-8992:Colton Sceviour","54733-8992","W","Colton","Colton Sceviour","Sceviour","4.959999847412109","10","3100","WSH@PIT","PIT","WSH","","","","",""
"","","","","","","","","","","54733-15363:Tomas Jurco","54733-15363","W","Tomas","Tomas Jurco","Jurco","2.6666666666666665","12","3000","COL@VGK","VGK","COL","","","","",""
"","","","","","","","","","","54733-37894:Jayson Megna","54733-37894","W","Jayson","Jayson Megna","Megna","1.600000023841858","1","3000","COL@VGK","COL","VGK","","","","",""
"","","","","","","","","","","54733-43014:William Carrier","54733-43014","W","William","William Carrier","Carrier","2.707692366379958","13","3000","COL@VGK","VGK","COL","","","","",""
"","","","","","","","","","","54733-82950:Brian Pinho","54733-82950","C","Brian","Brian Pinho","Pinho","3.200000047683716","2","3000","WSH@PIT","WSH","PIT","DTD","Undisclosed","","",""
"","","","","","","","","","","54733-79880:C.J. Smith","54733-79880","W","C.J.","C.J. Smith","Smith","0","0","3000","NYI@BUF","BUF","NYI","","","","",""
"","","","","","","","","","","54733-82954:Josh Dickinson","54733-82954","C","Josh","Josh Dickinson","Dickinson","0","0","3000","COL@VGK","COL","VGK","","","","",""
"","","","","","","","","","","54733-79887:Mike Vecchione","54733-79887","C","Mike","Mike Vecchione","Vecchione","0","0","3000","COL@VGK","COL","VGK","","","","",""
"","","","","","","","","","","54733-82958:Anthony Angello","54733-82958","W","Anthony","Anthony Angello","Angello","3.5","8","3000","WSH@PIT","PIT","WSH","","","","",""
"","","","","","","","","","","54733-117783:Brett Murray","54733-117783","W","Brett","Brett Murray","Murray","0","0","3000","NYI@BUF","BUF","NYI","","","","",""
"","","","","","","","","","","54733-68639:Steven Fogarty","54733-68639","W","Steven","Steven Fogarty","Fogarty","1.600000023841858","1","3000","NYI@BUF","BUF","NYI","","","","",""
"","","","","","","","","","","54733-82978:Andrew Oglevie","54733-82978","C","Andrew","Andrew Oglevie","Oglevie","0","0","3000","NYI@BUF","BUF","NYI","","","","",""
"","","","","","","","","","","54733-104485:Kasper Bjorkqvist","54733-104485","W","Kasper","Kasper Bjorkqvist","Bjorkqvist","0","0","3000","WSH@PIT","PIT","WSH","","","","",""
"","","","","","","","","","","54733-79910:Nick Caamano","54733-79910","W","Nick","Nick Caamano","Caamano","2.8444444868299694","9","3000","NSH@DAL","DAL","NSH","","","","",""
"","","","","","","","","","","54733-79916:Sean Malone","54733-79916","C","Sean","Sean Malone","Malone","9.600000381469727","1","3000","NSH@DAL","NSH","DAL","","","","",""
"","","","","","","","","","","54733-68658:Danny O'Regan","54733-68658","C","Danny","Danny O'Regan","O'Regan","0","0","3000","COL@VGK","VGK","COL","","","","",""
"","","","","","","","","","","54733-81973:Nate Schnarr","54733-81973","C","Nate","Nate Schnarr","Schnarr","0","0","3000","NJ@NYR","NJ","NYR","","","","",""
"","","","","","","","","","","54733-66619:Nicholas Merkley","54733-66619","W","Nicholas","Nicholas Merkley","Merkley","4.266666730244954","3","3000","NJ@NYR","NJ","NYR","","","","",""
"","","","","","","","","","","54733-137278:Morgan Barron","54733-137278","C","Morgan","Morgan Barron","Barron","0","0","3000","NJ@NYR","NYR","NJ","","","","",""
"","","","","","","","","","","54733-8259:Andrew Ladd","54733-8259","W","Andrew","Andrew Ladd","Ladd","5","4","3000","NYI@BUF","NYI","BUF","","","","",""
"","","","","","","","","","","54733-43089:Ross Johnston","54733-43089","W","Ross","Ross Johnston","Johnston","1.3333333333333333","6","3000","NYI@BUF","NYI","BUF","","","","",""
"","","","","","","","","","","54733-82008:Jake Leschyshyn","54733-82008","C","Jake","Jake Leschyshyn","Leschyshyn","0","0","3000","COL@VGK","VGK","COL","","","","",""
"","","","","","","","","","","54733-82011:Ben Jones","54733-82011","C","Ben","Ben Jones","Jones","0","0","3000","COL@VGK","VGK","COL","","","","",""
"","","","","","","","","","","54733-82025:Drake Rymsha","54733-82025","C","Drake","Drake Rymsha","Rymsha","0","0","3000","MIN@LA","LA","MIN","","","","",""
"","","","","","","","","","","54733-82027:Philippe Maillet","54733-82027","C","Philippe","Philippe Maillet","Maillet","1.600000023841858","1","3000","WSH@PIT","WSH","PIT","","","","",""
"","","","","","","","","","","54733-61550:Cole Bardreau","54733-61550","C","Cole","Cole Bardreau","Bardreau","3.7599998474121095","10","3000","NYI@BUF","NYI","BUF","","","","",""
"","","","","","","","","","","54733-66675:Daniel Sprong","54733-66675","W","Daniel","Daniel Sprong","Sprong","5.44000015258789","10","3000","WSH@PIT","WSH","PIT","","","","",""
"","","","","","","","","","","54733-43132:Martin Frk","54733-43132","W","Martin","Martin Frk","Frk","0","1","3000","MIN@LA","LA","MIN","DTD","Lower body","","",""
"","","","","","","","","","","54733-12417:Tyler Seguin","54733-12417","C","Tyler","Tyler Seguin","Seguin","13.291303993999094","69","3000","NSH@DAL","DAL","NSH","O","Hip","","",""
"","","","","","","","","","","54733-145542:Hendrix Lapierre","54733-145542","C","Hendrix","Hendrix Lapierre","Lapierre","0","0","3000","WSH@PIT","WSH","PIT","","","","",""
"","","","","","","","","","","54733-116887:Sam Poulin","54733-116887","W","Sam","Sam Poulin","Poulin","0","0","3000","WSH@PIT","PIT","WSH","","","","",""
"","","","","","","","","","","54733-116886:Nathan Legare","54733-116886","W","Nathan","Nathan Legare","Legare","0","0","3000","WSH@PIT","PIT","WSH","","","","",""
"","","","","","","","","","","54733-66715:Bokondji Imama","54733-66715","W","Bokondji","Bokondji Imama","Imama","0","0","3000","MIN@LA","LA","MIN","","","","",""
"","","","","","","","","","","54733-66719:Dmytro Timashov","54733-66719","W","Dmytro","Dmytro Timashov","Timashov","1.600000023841858","1","3000","NYI@BUF","NYI","BUF","","","","",""
"","","","","","","","","","","54733-82079:Marian Studenic","54733-82079","W","Marian","Marian Studenic","Studenic","0","0","3000","NJ@NYR","NJ","NYR","","","","",""
"","","","","","","","","","","54733-82083:Lias Andersson","54733-82083","C","Lias","Lias Andersson","Andersson","2.9600000381469727","10","3000","MIN@LA","LA","MIN","","","","",""
"","","","","","","","","","","54733-8357:Andrew Cogliano","54733-8357","W","Andrew","Andrew Cogliano","Cogliano","6.666666666666667","12","3000","NSH@DAL","DAL","NSH","","","","",""
"","","","","","","","","","","54733-82088:Damien Riat","54733-82088","W","Damien","Damien Riat","Riat","0","0","3000","WSH@PIT","WSH","PIT","","","","",""
"","","","","","","","","","","54733-73902:Mathieu Olivier","54733-73902","W","Mathieu","Mathieu Olivier","Olivier","4.929999923706054","10","3000","NSH@DAL","NSH","DAL","IR","Undisclosed","","",""
"","","","","","","","","","","54733-82121:Ivan Lodnia","54733-82121","W","Ivan","Ivan Lodnia","Lodnia","0","0","3000","MIN@LA","MIN","LA","O","Undisclosed","","",""
"","","","","","","","","","","54733-103625:Josh Wilkins","54733-103625","C","Josh","Josh Wilkins","Wilkins","0","0","3000","NSH@DAL","NSH","DAL","","","","",""
"","","","","","","","","","","54733-103624:Brandon Duhaime","54733-103624","W","Brandon","Brandon Duhaime","Duhaime","0","0","3000","MIN@LA","MIN","LA","","","","",""
"","","","","","","","","","","54733-82123:Gerald Mayhew","54733-82123","W","Gerald","Gerald Mayhew","Mayhew","8.25","2","3000","MIN@LA","MIN","LA","","","","",""
"","","","","","","","","","","54733-82122:Mason Shaw","54733-82122","C","Mason","Mason Shaw","Shaw","0","0","3000","MIN@LA","MIN","LA","","","","",""
"","","","","","","","","","","54733-54479:T.J. Tynan","54733-54479","W","T.J.","T.J. Tynan","Tynan","1.5","16","3000","COL@VGK","COL","VGK","","","","",""
"","","","","","","","","","","54733-116947:Nolan Foote","54733-116947","W","Nolan","Nolan Foote","Foote","0","0","3000","NJ@NYR","NJ","NYR","","","","",""
"","","","","","","","","","","54733-73951:Tanner Jeannot","54733-73951","W","Tanner","Tanner Jeannot","Jeannot","0","0","3000","NSH@DAL","NSH","DAL","","","","",""
"","","","","","","","","","","54733-82143:Jan Drozg","54733-82143","W","Jan","Jan Drozg","Drozg","0","0","3000","WSH@PIT","PIT","WSH","","","","",""
"","","","","","","","","","","54733-82142:Jordy Bellerive","54733-82142","C","Jordy","Jordy Bellerive","Bellerive","0","0","3000","WSH@PIT","PIT","WSH","","","","",""
"","","","","","","","","","","54733-73953:Dmitry Sokolov","54733-73953","W","Dmitry","Dmitry Sokolov","Sokolov","0","0","3000","MIN@LA","MIN","LA","","","","",""
"","","","","","","","","","","54733-82145:Sam Miletic","54733-82145","C","Sam","Sam Miletic","Miletic","0","0","3000","WSH@PIT","PIT","WSH","","","","",""
"","","","","","","","","","","54733-73963:A.J. Greer","54733-73963","W","A.J.","A.J. Greer","Greer","0","0","3000","NYI@BUF","NYI","BUF","","","","",""
"","","","","","","","","","","54733-73962:Travis Barron","54733-73962","W","Travis","Travis Barron","Barron","0","0","3000","COL@VGK","COL","VGK","","","","",""
"","","","","","","","","","","54733-54518:Patrick Brown","54733-54518","W","Patrick","Patrick Brown","Brown","15.199999809265137","1","3000","COL@VGK","VGK","COL","","","","",""
"","","","","","","","","","","54733-82167:Sheldon Dries","54733-82167","C","Sheldon","Sheldon Dries","Dries","0.800000011920929","2","3000","COL@VGK","COL","VGK","","","","",""
"","","","","","","","","","","54733-73983:Anthony Greco","54733-73983","W","Anthony","Anthony Greco","Greco","0","0","3000","NJ@NYR","NYR","NJ","","","","",""
"","","","","","","","","","","54733-70910:Michael McLeod","54733-70910","C","Michael","Michael McLeod","McLeod","6.844444274902344","9","3000","NJ@NYR","NJ","NYR","","","","",""
"","","","","","","","","","","54733-70917:Kieffer Bellows","54733-70917","W","Kieffer","Kieffer Bellows","Bellows","2.971428462437221","7","3000","NYI@BUF","NYI","BUF","","","","",""
"","","","","","","","","","","54733-83207:Axel Jonsson-Fjallby","54733-83207","W","Axel","Axel Jonsson-Fjallby","Jonsson-Fjallby","0","0","3000","WSH@PIT","WSH","PIT","","","","",""
"","","","","","","","","","","54733-70923:Riley Tufte","54733-70923","W","Riley","Riley Tufte","Tufte","0","0","3000","NSH@DAL","DAL","NSH","","","","",""
"","","","","","","","","","","54733-82187:Ty Lewis","54733-82187","W","Ty","Ty Lewis","Lewis","0","0","3000","COL@VGK","COL","VGK","","","","",""
"","","","","","","","","","","54733-117013:Adam Beckman","54733-117013","W","Adam","Adam Beckman","Beckman","0","0","3000","MIN@LA","MIN","LA","","","","",""
"","","","","","","","","","","54733-74025:Tim Gettinger","54733-74025","W","Tim","Tim Gettinger","Gettinger","7.199999809265137","2","3000","NJ@NYR","NYR","NJ","","","","",""
"","","","","","","","","","","54733-74024:Gabriel Fontaine","54733-74024","C","Gabriel","Gabriel Fontaine","Fontaine","0","0","3000","NJ@NYR","NYR","NJ","","","","",""
"","","","","","","","","","","54733-74035:Beck Malenstyn","54733-74035","W","Beck","Beck Malenstyn","Malenstyn","2.6666666666666665","3","3000","WSH@PIT","WSH","PIT","IR","Achilles","","",""
"","","","","","","","","","","54733-74039:Garrett Pilon","54733-74039","C","Garrett","Garrett Pilon","Pilon","0","0","3000","WSH@PIT","WSH","PIT","","","","",""
"","","","","","","","","","","54733-117048:Peyton Krebs","54733-117048","C","Peyton","Peyton Krebs","Krebs","0","0","3000","COL@VGK","VGK","COL","","","","",""
"","","","","","","","","","","54733-39242:Tim Schaller","54733-39242","W","Tim","Tim Schaller","Schaller","3.6452829612875886","53","3000","WSH@PIT","PIT","WSH","","","","",""
"","","","","","","","","","","54733-74063:Gage Quinney","54733-74063","C","Gage","Gage Quinney","Quinney","3.7333332697550454","3","3000","COL@VGK","VGK","COL","","","","",""
"","","","","","","","","","","54733-74071:Nathan Bastian","54733-74071","W","Nathan","Nathan Bastian","Bastian","6.311111026340061","9","3000","NJ@NYR","NJ","NYR","DTD","Not injury related","","",""
"","","","","","","","","","","54733-74070:Brandon Gignac","54733-74070","W","Brandon","Brandon Gignac","Gignac","0","0","3000","NJ@NYR","NJ","NYR","","","","",""
"","","","","","","","","","","54733-74074:Janne Kuokkanen","54733-74074","W","Janne","Janne Kuokkanen","Kuokkanen","4.355555640326606","9","3000","NJ@NYR","NJ","NYR","","","","",""
"","","","","","","","","","","54733-117093:Arthur Kaliyev","54733-117093","W","Arthur","Arthur Kaliyev","Kaliyev","15.199999809265137","1","3000","MIN@LA","LA","MIN","","","","",""
"","","","","","","","","","","54733-117103:Philip Tomasino","54733-117103","C","Philip","Philip Tomasino","Tomasino","0","0","3000","NSH@DAL","NSH","DAL","","","","",""
"","","","","","","","","","","54733-117102:Egor Afanasyev","54733-117102","W","Egor","Egor Afanasyev","Afanasyev","0","0","3000","NSH@DAL","NSH","DAL","","","","",""
"","","","","","","","","","","54733-117104:Tommy Novak","54733-117104","C","Tommy","Tommy Novak","Novak","0","0","3000","NSH@DAL","NSH","DAL","","","","",""
"","","","","","","","","","","54733-74099:Matt Luff","54733-74099","W","Matt","Matt Luff","Luff","1.6000000635782878","3","3000","MIN@LA","LA","MIN","","","","",""
"","","","","","","","","","","54733-74100:Tanner Fritz","54733-74100","C","Tanner","Tanner Fritz","Fritz","0","0","3000","NYI@BUF","NYI","BUF","","","","",""
"","","","","","","","","","","54733-74111:Tye Felhaber","54733-74111","C","Tye","Tye Felhaber","Felhaber","0","0","3000","NSH@DAL","DAL","NSH","","","","",""
"","","","","","","","","","","54733-74112:Trevor Moore","54733-74112","W","Trevor","Trevor Moore","Moore","5.169230534480168","13","3000","MIN@LA","LA","MIN","","","","",""
"","","","","","","","","","","54733-74128:Josh Currie","54733-74128","W","Josh","Josh Currie","Currie","0","0","3000","WSH@PIT","PIT","WSH","","","","",""
"","","","","","","","","","","54733-74144:Michael Carcone","54733-74144","W","Michael","Michael Carcone","Carcone","0","0","3000","NSH@DAL","NSH","DAL","","","","",""
"","","","","","","","","","","54733-74161:Adam Mascherin","54733-74161","W","Adam","Adam Mascherin","Mascherin","0","0","3000","NSH@DAL","DAL","NSH","","","","",""
"","","","","","","","","","","54733-82353:Shane Bowers","54733-82353","C","Shane","Shane Bowers","Bowers","0","0","3000","COL@VGK","COL","VGK","","","","",""
"","","","","","","","","","","54733-84403:Rasmus Asplund","54733-84403","W","Rasmus","Rasmus Asplund","Asplund","3.200000047683716","1","3000","NYI@BUF","BUF","NYI","","","","",""
"","","","","","","","","","","54733-12732:Michael Sgarbossa","54733-12732","W","Michael","Michael Sgarbossa","Sgarbossa","5.1200000762939455","5","3000","WSH@PIT","WSH","PIT","","","","",""
"","","","","","","","","","","54733-12738:Jordan Nolan","54733-12738","W","Jordan","Jordan Nolan","Nolan","0","0","3000","WSH@PIT","PIT","WSH","","","","",""
"","","","","","","","","","","54733-107991:Jonas Rondbjerg","54733-107991","W","Jonas","Jonas Rondbjerg","Rondbjerg","0","0","3000","COL@VGK","VGK","COL","","","","",""
"","","","","","","","","","","54733-128489:Patrick Harper","54733-128489","C","Patrick","Patrick Harper","Harper","0","0","3000","NSH@DAL","NSH","DAL","","","","",""
"","","","","","","","","","","54733-128491:Mitchell Chaffee","54733-128491","W","Mitchell","Mitchell Chaffee","Chaffee","0","0","3000","MIN@LA","MIN","LA","","","","",""
"","","","","","","","","","","54733-128490:Cole Smith","54733-128490","W","Cole","Cole Smith","Smith","1.600000023841858","1","3000","NSH@DAL","NSH","DAL","","","","",""
"","","","","","","","","","","54733-39405:Miikka Salomaki","54733-39405","W","Miikka","Miikka Salomaki","Salomaki","4","5","3000","COL@VGK","COL","VGK","","","","",""
"","","","","","","","","","","54733-128499:Austin Rueschhoff","54733-128499","W","Austin","Austin Rueschhoff","Rueschhoff","0","0","3000","NJ@NYR","NYR","NJ","","","","",""
"","","","","","","","","","","54733-128498:Justin Richards","54733-128498","C","Justin","Justin Richards","Richards","0","0","3000","NJ@NYR","NYR","NJ","","","","",""
"","","","","","","","","","","54733-135675:Radim Zohorna","54733-135675","W","Radim","Radim Zohorna","Zohorna","0","0","3000","WSH@PIT","PIT","WSH","","","","",""
"","","","","","","","","","","54733-128507:Dawson DiPietro","54733-128507","W","Dawson","Dawson DiPietro","DiPietro","0","0","3000","NYI@BUF","BUF","NYI","","","","",""
"","","","","","","","","","","54733-128508:Brandon Biro","54733-128508","W","Brandon","Brandon Biro","Biro","0","0","3000","NYI@BUF","BUF","NYI","","","","",""
"","","","","","","","","","","54733-96777:Ty Dellandrea","54733-96777","W","Ty","Ty Dellandrea","Dellandrea","4.6099998474121096","10","3000","NSH@DAL","DAL","NSH","","","","",""
"","","","","","","","","","","54733-96776:Riley Damiani","54733-96776","C","Riley","Riley Damiani","Damiani","0","0","3000","NSH@DAL","DAL","NSH","","","","",""
"","","","","","","","","","","54733-135688:Jack Dugan","54733-135688","W","Jack","Jack Dugan","Dugan","0","0","3000","COL@VGK","VGK","COL","","","","",""
"","","","","","","","","","","54733-135689:Fredrik Karlstrom","54733-135689","C","Fredrik","Fredrik Karlstrom","Karlstrom","0","0","3000","NSH@DAL","DAL","NSH","","","","",""
"","","","","","","","","","","54733-96780:Joel L'Esperance","54733-96780","W","Joel","Joel L'Esperance","L'Esperance","1.6000000635782878","3","3000","NSH@DAL","DAL","NSH","","","","",""
"","","","","","","","","","","54733-104016:Vitali Kravtsov","54733-104016","W","Vitali","Vitali Kravtsov","Kravtsov","0","0","3000","NJ@NYR","NYR","NJ","","","","",""
"","","","","","","","","","","54733-13913:Tom Kuhnhackl","54733-13913","W","Tom","Tom Kuhnhackl","Kuhnhackl","5.071428571428571","28","3000","NYI@BUF","NYI","BUF","","","","",""
"","","","","","","","","","","54733-101993:Paul Cotter","54733-101993","C","Paul","Paul Cotter","Cotter","0","0","3000","COL@VGK","VGK","COL","","","","",""
"","","","","","","","","","","54733-103029:Jake Elmer","54733-103029","W","Jake","Jake Elmer","Elmer","0","0","3000","NJ@NYR","NYR","NJ","","","","",""
"","","","","","","","","","","54733-113275:Simon Holmstrom","54733-113275","W","Simon","Simon Holmstrom","Holmstrom","0","0","3000","NYI@BUF","NYI","BUF","","","","",""
"","","","","","","","","","","54733-113274:Samuel Fagemo","54733-113274","W","Samuel","Samuel Fagemo","Fagemo","0","0","3000","MIN@LA","LA","MIN","","","","",""
"","","","","","","","","","","54733-113282:Marcus Kallionkieli","54733-113282","W","Marcus","Marcus Kallionkieli","Kallionkieli","0","0","3000","COL@VGK","VGK","COL","","","","",""
"","","","","","","","","","","54733-113285:Alexei Protas","54733-113285","C","Alexei","Alexei Protas","Protas","0","0","3000","WSH@PIT","WSH","PIT","","","","",""
"","","","","","","","","","","54733-113284:Connor McMichael","54733-113284","W","Connor","Connor McMichael","McMichael","1.600000023841858","1","3000","WSH@PIT","WSH","PIT","","","","",""
"","","","","","","","","","","54733-113286:Brett Leason","54733-113286","W","Brett","Brett Leason","Leason","0","0","3000","WSH@PIT","WSH","PIT","","","","",""
"","","","","","","","","","","54733-113289:Rasmus Kupari","54733-113289","C","Rasmus","Rasmus Kupari","Kupari","0","0","3000","MIN@LA","LA","MIN","","","","",""
"","","","","","","","","","","54733-109216:Johan Sodergran","54733-109216","W","Johan","Johan Sodergran","Sodergran","0","0","3000","MIN@LA","LA","MIN","O","Back","","",""
"","","","","","","","","","","54733-103077:Joe Snively","54733-103077","W","Joe","Joe Snively","Snively","0","0","3000","WSH@PIT","WSH","PIT","","","","",""
"","","","","","","","","","","54733-70327:Luke Johnson","54733-70327","C","Luke","Luke Johnson","Johnson","0.800000011920929","2","3000","MIN@LA","MIN","LA","","","","",""
"","","","","","","","","","","54733-103095:Rhett Gardner","54733-103095","W","Rhett","Rhett Gardner","Gardner","0.800000011920929","2","3000","NSH@DAL","DAL","NSH","","","","",""
"","","","","","","","","","","54733-8887:Ryan Reaves","54733-8887","W","Ryan","Ryan Reaves","Reaves","2.584615267240084","13","3000","COL@VGK","VGK","COL","","","","",""
"","","","","","","","","","","54733-142022:Jack Quinn","54733-142022","W","Jack","Jack Quinn","Quinn","0","0","3000","NYI@BUF","BUF","NYI","","","","",""
"","","","","","","","","","","54733-142023:Marco Rossi","54733-142023","C","Marco","Marco Rossi","Rossi","0","0","3000","MIN@LA","MIN","LA","O","Upper body","","",""
"","","","","","","","","","","54733-146124:Dawson Mercer","54733-146124","W","Dawson","Dawson Mercer","Mercer","0","0","3000","NJ@NYR","NJ","NYR","","","","",""
"","","","","","","","","","","54733-103130:Rem Pitlick","54733-103130","C","Rem","Rem Pitlick","Pitlick","0","0","3000","NSH@DAL","NSH","DAL","","","","",""
"","","","","","","","","","","54733-59127:Garnet Hathaway","54733-59127","W","Garnet","Garnet Hathaway","Hathaway","6.030769348144531","13","3000","WSH@PIT","WSH","PIT","","","","",""
"","","","","","","","","","","54733-104184:Arttu Ruotsalainen","54733-104184","C","Arttu","Arttu Ruotsalainen","Ruotsalainen","0","0","3000","NYI@BUF","BUF","NYI","","","","",""
"","","","","","","","","","","54733-119549:Tyler Madden","54733-119549","C","Tyler","Tyler Madden","Madden","0","0","3000","MIN@LA","LA","MIN","","","","",""
"","","","","","","","","","","54733-97027:Matej Pekar","54733-97027","C","Matej","Matej Pekar","Pekar","0","0","3000","NYI@BUF","BUF","NYI","","","","",""
"","","","","","","","","","","54733-59155:Reid Duke","54733-59155","C","Reid","Reid Duke","Duke","0","0","3000","COL@VGK","VGK","COL","","","","",""
"","","","","","","","","","","54733-97057:Damien Giroux","54733-97057","C","Damien","Damien Giroux","Giroux","0","0","3000","MIN@LA","MIN","LA","","","","",""
"","","","","","","","","","","54733-97056:Connor Dewar","54733-97056","C","Connor","Connor Dewar","Dewar","0","0","3000","MIN@LA","MIN","LA","","","","",""
"","","","","","","","","","","54733-42786:Justin Dowling","54733-42786","W","Justin","Justin Dowling","Dowling","6","6","3000","NSH@DAL","DAL","NSH","","","","",""
"","","","","","","","","","","54733-97059:Alexander Khovanov","54733-97059","C","Alexander","Alexander Khovanov","Khovanov","0","0","3000","MIN@LA","MIN","LA","","","","",""
"","","","","","","","","","","54733-103211:Bobo Carpenter","54733-103211","W","Bobo","Bobo Carpenter","Carpenter","0","0","3000","NYI@BUF","NYI","BUF","","","","",""
"","","","","","","","","","","54733-42795:Michael McCarron","54733-42795","W","Michael","Michael McCarron","McCarron","0.800000011920929","2","3000","NSH@DAL","NSH","DAL","","","","",""
"","","","","","","","","","","54733-97066:Justin Almeida","54733-97066","C","Justin","Justin Almeida","Almeida","0","0","3000","WSH@PIT","PIT","WSH","","","","",""
"","","","","","","","","","","54733-62254:Kyle Rau","54733-62254","W","Kyle","Kyle Rau","Rau","4","2","3000","MIN@LA","MIN","LA","","","","",""
"","","","","","","","","","","54733-97078:Lucas Elvenes","54733-97078","C","Lucas","Lucas Elvenes","Elvenes","0","0","3000","COL@VGK","VGK","COL","","","","",""
"","","","","","","","","","","54733-103222:Patrick Newell","54733-103222","C","Patrick","Patrick Newell","Newell","0","0","3000","NJ@NYR","NYR","NJ","","","","",""
"","","","","","","","","","","54733-97086:Kody Clark","54733-97086","W","Kody","Kody Clark","Clark","0","0","3000","WSH@PIT","WSH","PIT","","","","",""
"","","","","","","","","","","54733-97089:Riley Sutter","54733-97089","W","Riley","Riley Sutter","Sutter","0","0","3000","WSH@PIT","WSH","PIT","","","","",""
"","","","","","","","","","","54733-62276:Austin Czarnik","54733-62276","W","Austin","Austin Czarnik","Czarnik","3.200000047683716","1","3000","NYI@BUF","NYI","BUF","","","","",""
"","","","","","","","","","","54733-59209:Frederick Gaudreau","54733-59209","C","Frederick","Frederick Gaudreau","Gaudreau","0","0","3000","WSH@PIT","PIT","WSH","","","","",""
"","","","","","","","","","","54733-62295:Jonny Brodzinski","54733-62295","W","Jonny","Jonny Brodzinski","Brodzinski","1.600000023841858","1","3000","NJ@NYR","NYR","NJ","","","","",""
"","","","","","","","","","","54733-12122:Gabriel Dumont","54733-12122","W","Gabriel","Gabriel Dumont","Dumont","2.6666666666666665","3","3000","MIN@LA","MIN","LA","","","","",""
"","","","","","","","","","","54733-103262:Nico Sturm","54733-103262","C","Nico","Nico Sturm","Sturm","3.3777777353922525","9","3000","MIN@LA","MIN","LA","","","","",""
"","","","","","","","","","","54733-59235:Tomas Nosek","54733-59235","W","Tomas","Tomas Nosek","Nosek","3.7599998474121095","10","3000","COL@VGK","VGK","COL","O","Covid-19","","",""
"","","","","","","","","","","54733-66405:Anthony Richard","54733-66405","W","Anthony","Anthony Richard","Richard","3.200000047683716","1","3000","NSH@DAL","NSH","DAL","","","","",""
"","","","","","","","","","","54733-66404:Vladislav Kamenev","54733-66404","C","Vladislav","Vladislav Kamenev","Kamenev","3.836842185572574","38","3000","COL@VGK","COL","VGK","","","","",""
"","","","","","","","","","","54733-66408:Yakov Trenin","54733-66408","W","Yakov","Yakov Trenin","Trenin","2.7333332697550454","12","3000","NSH@DAL","NSH","DAL","","","","",""
"","","","","","","","","","","54733-103275:Mason Jobst","54733-103275","C","Mason","Mason Jobst","Jobst","0","0","3000","NYI@BUF","NYI","BUF","","","","",""
"","","","","","","","","","","54733-82796:Sam Lafferty","54733-82796","W","Sam","Sam Lafferty","Lafferty","1.8285714558192663","7","3000","WSH@PIT","PIT","WSH","","","","",""
"","","","","","","","","","","54733-82799:Will Bitten","54733-82799","C","Will","Will Bitten","Bitten","0","0","3000","MIN@LA","MIN","LA","","","","",""
"","","","","","","","","","","54733-42865:Jean-Sebastien Dea","54733-42865","W","Jean-Sebastien","Jean-Sebastien Dea","Dea","0","3","3000","NYI@BUF","BUF","NYI","","","","",""
"","","","","","","","","","","54733-82808:Brett Seney","54733-82808","W","Brett","Brett Seney","Seney","0.800000011920929","2","3000","NJ@NYR","NJ","NYR","","","","",""
"","","","","","","","","","","54733-97151:Nick Henry","54733-97151","W","Nick","Nick Henry","Henry","0","0","3000","COL@VGK","COL","VGK","","","","",""
"","","","","","","","","","","54733-97153:Logan O'Connor","54733-97153","W","Logan","Logan O'Connor","O'Connor","10.800000190734863","4","3000","COL@VGK","COL","VGK","","","","",""
"","","","","","","","","","","54733-97152:Martin Kaut","54733-97152","W","Martin","Martin Kaut","Kaut","0","1","3000","COL@VGK","COL","VGK","","","","",""
"","","","","","","","","","","54733-103299:Jonathan Gruden","54733-103299","C","Jonathan","Jonathan Gruden","Gruden","0","0","3000","WSH@PIT","PIT","WSH","","","","",""
"","","","","","","","","","","54733-97159:Akil Thomas","54733-97159","C","Akil","Akil Thomas","Thomas","0","0","3000","MIN@LA","LA","MIN","","","","",""
"","","","","","","","","","","54733-82825:Otto Koivula","54733-82825","C","Otto","Otto Koivula","Koivula","1.0666666825612385","12","3000","NYI@BUF","NYI","BUF","","","","",""
"","","","","","","","","","","54733-97160:Aidan Dudas","54733-97160","C","Aidan","Aidan Dudas","Dudas","0","0","3000","MIN@LA","LA","MIN","","","","",""
"","","","","","","","","","","54733-119693:Drew O'Connor","54733-119693","W","Drew","Drew O'Connor","O'Connor","2.6666666666666665","6","3000","WSH@PIT","PIT","WSH","","","","",""
"","","","","","","","","","","54733-119692:Patrick Khodorenko","54733-119692","C","Patrick","Patrick Khodorenko","Khodorenko","0","0","3000","NJ@NYR","NYR","NJ","","","","",""
"","","","","","","","","","","54733-11150:Marcus Foligno","54733-11150","W","Marcus","Marcus Foligno","Foligno","5.244444529215495","9","3000","MIN@LA","MIN","LA","O","Covid-19","","",""
"","","","","","","","","","","54733-82835:Shane Gersich","54733-82835","C","Shane","Shane Gersich","Gersich","0","0","3000","WSH@PIT","WSH","PIT","","","","",""
"","","","","","","","","","","54733-82834:Kiefer Sherwood","54733-82834","W","Kiefer","Kiefer Sherwood","Sherwood","5.199999809265137","4","3000","COL@VGK","COL","VGK","","","","",""
"","","","","","","","","","","54733-15267:Joseph Cramarossa","54733-15267","C","Joseph","Joseph Cramarossa","Cramarossa","0","0","3000","MIN@LA","MIN","LA","","","","",""
"","","","","","","","","","","54733-82850:Casey Mittelstadt","54733-82850","W","Casey","Casey Mittelstadt","Mittelstadt","5.050000190734863","2","3000","NYI@BUF","BUF","NYI","O","Covid-19","","",""
"","","","","","","","","","","54733-119745:Alex Turcotte","54733-119745","C","Alex","Alex Turcotte","Turcotte","0","0","3000","MIN@LA","LA","MIN","","","","",""
"","","","","","","","","","","54733-97221:Blade Jenkins","54733-97221","W","Blade","Blade Jenkins","Jenkins","0","0","3000","NYI@BUF","NYI","BUF","","","","",""
"","","","","","","","","","","54733-97224:Oliver Wahlstrom","54733-97224","W","Oliver","Oliver Wahlstrom","Wahlstrom","6.357142857142857","7","3000","NYI@BUF","NYI","BUF","","","","",""
"","","","","","","","","","","54733-146376:Luke Evangelista","54733-146376","W","Luke","Luke Evangelista","Evangelista","0","0","3000","NSH@DAL","NSH","DAL","","","","",""
"","","","","","","","","","","54733-97233:Jesper Boqvist","54733-97233","W","Jesper","Jesper Boqvist","Boqvist","1.9200000762939453","5","3000","NJ@NYR","NJ","NYR","","","","",""
"","","","","","","","","","","54733-97236:Mikhail Maltsev","54733-97236","W","Mikhail","Mikhail Maltsev","Maltsev","1.600000023841858","1","3000","NJ@NYR","NJ","NYR","","","","",""
"","","","","","","","","","","54733-97240:Fabian Zetterlund","54733-97240","W","Fabian","Fabian Zetterlund","Zetterlund","0","0","3000","NJ@NYR","NJ","NYR","","","","",""
"","","","","","","","","","","54733-9196:Matt Martin","54733-9196","W","Matt","Matt Martin","Martin","4.857142857142857","14","3000","NYI@BUF","NYI","BUF","","","","",""
"","","","","","","","","","","54733-82926:Mikey Eyssimont","54733-82926","C","Mikey","Mikey Eyssimont","Eyssimont","0","0","3000","MIN@LA","LA","MIN","","","","",""
"","","","","","","","","","","54733-37884:Ben Street","54733-37884","C","Ben","Ben Street","Street","4.799999872843425","3","3000","NJ@NYR","NJ","NYR","","","","",""